model_name,model_version,start_ts,end_ts,observations,num_divergent,num_max_treedepth,run_date
approval-prior,2024-06-30T12:20:30Z,2024-07-31T13:30:40Z,2024-07-31T13:35:26Z,1617,0,0,2024-07-31
pvi,2024-06-30T12:20:30Z,2024-07-31T13:40:26Z,2024-07-31T13:40:30Z,601,0,0,2024-07-31
approval,2024-06-30T12:20:30Z,2024-07-31T13:40:31Z,2024-07-31T13:40:34Z,1,393,0,2024-05-01
approval,2024-06-30T12:20:30Z,2024-07-31T13:40:34Z,2024-07-31T13:40:37Z,2,281,0,2024-05-02
approval,2024-06-30T12:20:30Z,2024-07-31T13:40:37Z,2024-07-31T13:40:40Z,3,114,0,2024-05-03
approval,2024-06-30T12:20:30Z,2024-07-31T13:40:40Z,2024-07-31T13:40:43Z,4,81,0,2024-05-04
approval,2024-06-30T12:20:30Z,2024-07-31T13:40:43Z,2024-07-31T13:40:46Z,5,64,0,2024-05-05
approval,2024-06-30T12:20:30Z,2024-07-31T13:40:46Z,2024-07-31T13:40:49Z,6,109,0,2024-05-06
approval,2024-06-30T12:20:30Z,2024-07-31T13:40:49Z,2024-07-31T13:40:52Z,7,72,0,2024-05-07
approval,2024-06-30T12:20:30Z,2024-07-31T13:40:52Z,2024-07-31T13:40:55Z,8,83,0,2024-05-08
approval,2024-06-30T12:20:30Z,2024-07-31T13:40:55Z,2024-07-31T13:40:58Z,9,93,0,2024-05-09
approval,2024-06-30T12:20:30Z,2024-07-31T13:40:59Z,2024-07-31T13:41:02Z,10,60,0,2024-05-10
approval,2024-06-30T12:20:30Z,2024-07-31T13:41:02Z,2024-07-31T13:41:05Z,11,45,0,2024-05-11
approval,2024-06-30T12:20:30Z,2024-07-31T13:41:05Z,2024-07-31T13:41:08Z,12,24,0,2024-05-12
approval,2024-06-30T12:20:30Z,2024-07-31T13:41:08Z,2024-07-31T13:41:12Z,13,61,0,2024-05-13
approval,2024-06-30T12:20:30Z,2024-07-31T13:41:12Z,2024-07-31T13:41:15Z,14,49,0,2024-05-14
approval,2024-06-30T12:20:30Z,2024-07-31T13:41:15Z,2024-07-31T13:41:18Z,15,38,0,2024-05-15
approval,2024-06-30T12:20:30Z,2024-07-31T13:41:18Z,2024-07-31T13:41:21Z,16,41,0,2024-05-16
approval,2024-06-30T12:20:30Z,2024-07-31T13:41:22Z,2024-07-31T13:41:25Z,17,13,0,2024-05-17
approval,2024-06-30T12:20:30Z,2024-07-31T13:41:25Z,2024-07-31T13:41:28Z,18,30,0,2024-05-18
approval,2024-06-30T12:20:30Z,2024-07-31T13:41:28Z,2024-07-31T13:41:32Z,19,84,0,2024-05-19
approval,2024-06-30T12:20:30Z,2024-07-31T13:41:32Z,2024-07-31T13:41:35Z,20,36,0,2024-05-20
approval,2024-06-30T12:20:30Z,2024-07-31T13:41:35Z,2024-07-31T13:41:39Z,21,42,0,2024-05-21
approval,2024-06-30T12:20:30Z,2024-07-31T13:41:39Z,2024-07-31T13:41:42Z,22,73,0,2024-05-22
approval,2024-06-30T12:20:30Z,2024-07-31T13:41:42Z,2024-07-31T13:41:46Z,23,22,0,2024-05-23
approval,2024-06-30T12:20:30Z,2024-07-31T13:41:46Z,2024-07-31T13:41:49Z,24,65,0,2024-05-24
approval,2024-06-30T12:20:30Z,2024-07-31T13:41:49Z,2024-07-31T13:41:53Z,25,7,0,2024-05-25
approval,2024-06-30T12:20:30Z,2024-07-31T13:41:53Z,2024-07-31T13:41:57Z,26,47,0,2024-05-26
approval,2024-06-30T12:20:30Z,2024-07-31T13:41:57Z,2024-07-31T13:42:01Z,27,14,0,2024-05-27
approval,2024-06-30T12:20:30Z,2024-07-31T13:42:01Z,2024-07-31T13:42:05Z,28,15,0,2024-05-28
approval,2024-06-30T12:20:30Z,2024-07-31T13:42:05Z,2024-07-31T13:42:08Z,29,33,0,2024-05-29
approval,2024-06-30T12:20:30Z,2024-07-31T13:42:08Z,2024-07-31T13:42:12Z,30,84,0,2024-05-30
approval,2024-06-30T12:20:30Z,2024-07-31T13:42:12Z,2024-07-31T13:42:16Z,31,18,0,2024-05-31
approval,2024-06-30T12:20:30Z,2024-07-31T13:42:16Z,2024-07-31T13:42:20Z,32,14,0,2024-06-01
approval,2024-06-30T12:20:30Z,2024-07-31T13:42:20Z,2024-07-31T13:42:24Z,33,13,0,2024-06-02
approval,2024-06-30T12:20:30Z,2024-07-31T13:42:24Z,2024-07-31T13:42:28Z,34,6,0,2024-06-03
approval,2024-06-30T12:20:30Z,2024-07-31T13:42:28Z,2024-07-31T13:42:32Z,35,18,0,2024-06-04
approval,2024-06-30T12:20:30Z,2024-07-31T13:42:32Z,2024-07-31T13:42:36Z,36,66,0,2024-06-05
approval,2024-06-30T12:20:30Z,2024-07-31T13:42:37Z,2024-07-31T13:42:41Z,37,3,0,2024-06-06
approval,2024-06-30T12:20:30Z,2024-07-31T13:42:41Z,2024-07-31T13:42:45Z,38,82,0,2024-06-07
approval,2024-06-30T12:20:30Z,2024-07-31T13:42:45Z,2024-07-31T13:42:49Z,39,1,0,2024-06-08
approval,2024-06-30T12:20:30Z,2024-07-31T13:42:49Z,2024-07-31T13:42:53Z,40,1,0,2024-06-09
approval,2024-06-30T12:20:30Z,2024-07-31T13:42:53Z,2024-07-31T13:42:58Z,41,1,0,2024-06-10
approval,2024-06-30T12:20:30Z,2024-07-31T13:42:58Z,2024-07-31T13:43:02Z,42,4,0,2024-06-11
approval,2024-06-30T12:20:30Z,2024-07-31T13:43:02Z,2024-07-31T13:43:06Z,43,1,0,2024-06-12
approval,2024-06-30T12:20:30Z,2024-07-31T13:43:06Z,2024-07-31T13:43:10Z,44,84,0,2024-06-13
approval,2024-06-30T12:20:30Z,2024-07-31T13:43:10Z,2024-07-31T13:43:15Z,45,1,0,2024-06-14
approval,2024-06-30T12:20:30Z,2024-07-31T13:43:15Z,2024-07-31T13:43:19Z,46,9,0,2024-06-15
approval,2024-06-30T12:20:30Z,2024-07-31T13:43:19Z,2024-07-31T13:43:23Z,47,6,0,2024-06-16
approval,2024-06-30T12:20:30Z,2024-07-31T13:43:24Z,2024-07-31T13:43:28Z,48,2,0,2024-06-17
approval,2024-06-30T12:20:30Z,2024-07-31T13:43:28Z,2024-07-31T13:43:32Z,49,183,0,2024-06-18
approval,2024-06-30T12:20:30Z,2024-07-31T13:43:32Z,2024-07-31T13:43:37Z,50,9,0,2024-06-19
approval,2024-06-30T12:20:30Z,2024-07-31T13:43:37Z,2024-07-31T13:43:42Z,51,1,0,2024-06-20
approval,2024-06-30T12:20:30Z,2024-07-31T13:43:42Z,2024-07-31T13:43:47Z,52,0,0,2024-06-21
approval,2024-06-30T12:20:30Z,2024-07-31T13:43:47Z,2024-07-31T13:43:52Z,53,0,0,2024-06-22
approval,2024-06-30T12:20:30Z,2024-07-31T13:43:52Z,2024-07-31T13:43:58Z,54,0,0,2024-06-23
approval,2024-06-30T12:20:30Z,2024-07-31T13:43:58Z,2024-07-31T13:44:03Z,55,0,0,2024-06-24
approval,2024-06-30T12:20:30Z,2024-07-31T13:44:03Z,2024-07-31T13:44:08Z,56,0,0,2024-06-25
approval,2024-06-30T12:20:30Z,2024-07-31T13:44:08Z,2024-07-31T13:44:14Z,57,0,0,2024-06-26
approval,2024-06-30T12:20:30Z,2024-07-31T13:44:14Z,2024-07-31T13:44:19Z,58,3,0,2024-06-27
approval,2024-06-30T12:20:30Z,2024-07-31T13:44:19Z,2024-07-31T13:44:24Z,59,0,0,2024-06-28
approval,2024-06-30T12:20:30Z,2024-07-31T13:44:24Z,2024-07-31T13:44:30Z,60,0,0,2024-06-29
approval,2024-06-30T12:20:30Z,2024-07-31T13:44:30Z,2024-07-31T13:44:36Z,61,0,0,2024-06-30
approval,2024-06-30T12:20:30Z,2024-07-31T13:44:36Z,2024-07-31T13:44:42Z,62,0,0,2024-07-01
approval,2024-06-30T12:20:30Z,2024-07-31T13:44:42Z,2024-07-31T13:44:47Z,63,0,0,2024-07-02
approval,2024-06-30T12:20:30Z,2024-07-31T13:44:47Z,2024-07-31T13:44:52Z,64,0,0,2024-07-03
approval,2024-06-30T12:20:30Z,2024-07-31T13:44:52Z,2024-07-31T13:44:58Z,65,0,0,2024-07-04
approval,2024-06-30T12:20:30Z,2024-07-31T13:44:58Z,2024-07-31T13:45:03Z,66,0,0,2024-07-05
approval,2024-06-30T12:20:30Z,2024-07-31T13:45:03Z,2024-07-31T13:45:09Z,67,0,0,2024-07-06
approval,2024-06-30T12:20:30Z,2024-07-31T13:45:09Z,2024-07-31T13:45:15Z,68,0,0,2024-07-07
approval,2024-06-30T12:20:30Z,2024-07-31T13:45:15Z,2024-07-31T13:45:20Z,69,0,0,2024-07-08
approval,2024-06-30T12:20:30Z,2024-07-31T13:45:20Z,2024-07-31T13:45:26Z,70,0,0,2024-07-09
approval,2024-06-30T12:20:30Z,2024-07-31T13:45:26Z,2024-07-31T13:45:32Z,71,0,0,2024-07-10
approval,2024-06-30T12:20:30Z,2024-07-31T13:45:32Z,2024-07-31T13:45:38Z,72,0,0,2024-07-11
approval,2024-06-30T12:20:30Z,2024-07-31T13:45:38Z,2024-07-31T13:45:44Z,73,0,0,2024-07-12
approval,2024-06-30T12:20:30Z,2024-07-31T13:45:44Z,2024-07-31T13:45:49Z,74,0,0,2024-07-13
approval,2024-06-30T12:20:30Z,2024-07-31T13:45:49Z,2024-07-31T13:45:55Z,75,0,0,2024-07-14
approval,2024-06-30T12:20:30Z,2024-07-31T13:45:55Z,2024-07-31T13:46:01Z,76,0,0,2024-07-15
approval,2024-06-30T12:20:30Z,2024-07-31T13:46:01Z,2024-07-31T13:46:08Z,77,0,0,2024-07-16
approval,2024-06-30T12:20:30Z,2024-07-31T13:46:08Z,2024-07-31T13:46:14Z,78,0,0,2024-07-17
approval,2024-06-30T12:20:30Z,2024-07-31T13:46:14Z,2024-07-31T13:46:21Z,79,0,0,2024-07-18
approval,2024-06-30T12:20:30Z,2024-07-31T13:46:21Z,2024-07-31T13:46:27Z,80,0,0,2024-07-19
approval,2024-06-30T12:20:30Z,2024-07-31T13:46:27Z,2024-07-31T13:46:33Z,81,0,0,2024-07-20
approval,2024-06-30T12:20:30Z,2024-07-31T13:46:33Z,2024-07-31T13:46:40Z,82,0,0,2024-07-21
approval,2024-06-30T12:20:30Z,2024-07-31T13:46:40Z,2024-07-31T13:46:47Z,83,0,0,2024-07-22
approval,2024-06-30T12:20:30Z,2024-07-31T13:46:47Z,2024-07-31T13:46:55Z,84,0,0,2024-07-23
approval,2024-06-30T12:20:30Z,2024-07-31T13:46:55Z,2024-07-31T13:47:02Z,85,0,0,2024-07-24
approval,2024-06-30T12:20:30Z,2024-07-31T13:47:02Z,2024-07-31T13:47:09Z,86,0,0,2024-07-25
approval,2024-06-30T12:20:30Z,2024-07-31T13:47:09Z,2024-07-31T13:47:16Z,87,0,0,2024-07-26
approval,2024-06-30T12:20:30Z,2024-07-31T13:47:16Z,2024-07-31T13:47:23Z,88,0,0,2024-07-27
approval,2024-06-30T12:20:30Z,2024-07-31T13:47:23Z,2024-07-31T13:47:30Z,89,0,0,2024-07-28
approval,2024-06-30T12:20:30Z,2024-07-31T13:47:31Z,2024-07-31T13:47:38Z,90,0,0,2024-07-29
approval,2024-06-30T12:20:30Z,2024-07-31T13:47:38Z,2024-07-31T13:47:45Z,91,0,0,2024-07-30
approval,2024-06-30T12:20:30Z,2024-07-31T13:47:45Z,2024-07-31T13:47:53Z,91,0,0,2024-07-31
priors,2024-07-25T22:53:26Z,2024-07-31T13:50:57Z,2024-07-31T13:51:00Z,19,0,0,2024-05-01
priors,2024-07-25T22:53:26Z,2024-07-31T13:51:00Z,2024-07-31T13:51:03Z,19,0,0,2024-05-02
priors,2024-07-25T22:53:26Z,2024-07-31T13:51:03Z,2024-07-31T13:51:06Z,19,0,0,2024-05-03
priors,2024-07-25T22:53:26Z,2024-07-31T13:51:06Z,2024-07-31T13:51:09Z,19,0,0,2024-05-04
priors,2024-07-25T22:53:26Z,2024-07-31T13:51:09Z,2024-07-31T13:51:12Z,19,0,0,2024-05-05
priors,2024-07-25T22:53:26Z,2024-07-31T13:51:12Z,2024-07-31T13:51:15Z,19,0,0,2024-05-06
priors,2024-07-25T22:53:26Z,2024-07-31T13:51:15Z,2024-07-31T13:51:18Z,19,0,0,2024-05-07
priors,2024-07-25T22:53:26Z,2024-07-31T13:51:18Z,2024-07-31T13:51:21Z,19,0,0,2024-05-08
priors,2024-07-25T22:53:26Z,2024-07-31T13:51:21Z,2024-07-31T13:51:24Z,19,0,0,2024-05-09
priors,2024-07-25T22:53:26Z,2024-07-31T13:51:24Z,2024-07-31T13:51:27Z,19,0,0,2024-05-10
priors,2024-07-25T22:53:26Z,2024-07-31T13:51:27Z,2024-07-31T13:51:29Z,19,0,0,2024-05-11
priors,2024-07-25T22:53:26Z,2024-07-31T13:51:29Z,2024-07-31T13:51:32Z,19,0,0,2024-05-12
priors,2024-07-25T22:53:26Z,2024-07-31T13:51:32Z,2024-07-31T13:51:35Z,19,0,0,2024-05-13
priors,2024-07-25T22:53:26Z,2024-07-31T13:51:35Z,2024-07-31T13:51:38Z,19,0,0,2024-05-14
priors,2024-07-25T22:53:26Z,2024-07-31T13:51:38Z,2024-07-31T13:51:40Z,19,0,0,2024-05-15
priors,2024-07-25T22:53:26Z,2024-07-31T13:51:40Z,2024-07-31T13:51:43Z,19,0,0,2024-05-16
priors,2024-07-25T22:53:26Z,2024-07-31T13:51:43Z,2024-07-31T13:51:46Z,19,0,0,2024-05-17
priors,2024-07-25T22:53:26Z,2024-07-31T13:51:46Z,2024-07-31T13:51:49Z,19,0,0,2024-05-18
priors,2024-07-25T22:53:26Z,2024-07-31T13:51:49Z,2024-07-31T13:51:52Z,19,0,0,2024-05-19
priors,2024-07-25T22:53:26Z,2024-07-31T13:51:52Z,2024-07-31T13:51:54Z,19,0,0,2024-05-20
priors,2024-07-25T22:53:26Z,2024-07-31T13:51:55Z,2024-07-31T13:51:57Z,19,0,0,2024-05-21
priors,2024-07-25T22:53:26Z,2024-07-31T13:51:57Z,2024-07-31T13:52:00Z,19,0,0,2024-05-22
priors,2024-07-25T22:53:26Z,2024-07-31T13:52:00Z,2024-07-31T13:52:03Z,19,0,0,2024-05-23
priors,2024-07-25T22:53:26Z,2024-07-31T13:52:03Z,2024-07-31T13:52:06Z,19,0,0,2024-05-24
priors,2024-07-25T22:53:26Z,2024-07-31T13:52:06Z,2024-07-31T13:52:09Z,19,0,0,2024-05-25
priors,2024-07-25T22:53:26Z,2024-07-31T13:52:09Z,2024-07-31T13:52:12Z,19,0,0,2024-05-26
priors,2024-07-25T22:53:26Z,2024-07-31T13:52:12Z,2024-07-31T13:52:14Z,19,0,0,2024-05-27
priors,2024-07-25T22:53:26Z,2024-07-31T13:52:15Z,2024-07-31T13:52:17Z,19,0,0,2024-05-28
priors,2024-07-25T22:53:26Z,2024-07-31T13:52:17Z,2024-07-31T13:52:20Z,19,0,0,2024-05-29
priors,2024-07-25T22:53:26Z,2024-07-31T13:52:20Z,2024-07-31T13:52:23Z,19,0,0,2024-05-30
priors,2024-07-25T22:53:26Z,2024-07-31T13:52:23Z,2024-07-31T13:52:26Z,19,0,0,2024-05-31
priors,2024-07-25T22:53:26Z,2024-07-31T13:52:26Z,2024-07-31T13:52:29Z,19,0,0,2024-06-01
priors,2024-07-25T22:53:26Z,2024-07-31T13:52:29Z,2024-07-31T13:52:31Z,19,0,0,2024-06-02
priors,2024-07-25T22:53:26Z,2024-07-31T13:52:31Z,2024-07-31T13:52:34Z,19,0,0,2024-06-03
priors,2024-07-25T22:53:26Z,2024-07-31T13:52:34Z,2024-07-31T13:52:37Z,19,0,0,2024-06-04
priors,2024-07-25T22:53:26Z,2024-07-31T13:52:37Z,2024-07-31T13:52:40Z,19,0,0,2024-06-05
priors,2024-07-25T22:53:26Z,2024-07-31T13:52:40Z,2024-07-31T13:52:43Z,19,0,0,2024-06-06
priors,2024-07-25T22:53:26Z,2024-07-31T13:52:43Z,2024-07-31T13:52:45Z,19,0,0,2024-06-07
priors,2024-07-25T22:53:26Z,2024-07-31T13:52:45Z,2024-07-31T13:52:48Z,19,0,0,2024-06-08
priors,2024-07-25T22:53:26Z,2024-07-31T13:52:48Z,2024-07-31T13:52:51Z,19,0,0,2024-06-09
priors,2024-07-25T22:53:26Z,2024-07-31T13:52:51Z,2024-07-31T13:52:54Z,19,0,0,2024-06-10
priors,2024-07-25T22:53:26Z,2024-07-31T13:52:54Z,2024-07-31T13:52:57Z,19,0,0,2024-06-11
priors,2024-07-25T22:53:26Z,2024-07-31T13:52:57Z,2024-07-31T13:53:00Z,19,0,0,2024-06-12
priors,2024-07-25T22:53:26Z,2024-07-31T13:53:00Z,2024-07-31T13:53:03Z,19,0,0,2024-06-13
priors,2024-07-25T22:53:26Z,2024-07-31T13:53:03Z,2024-07-31T13:53:05Z,19,0,0,2024-06-14
priors,2024-07-25T22:53:26Z,2024-07-31T13:53:06Z,2024-07-31T13:53:08Z,19,0,0,2024-06-15
priors,2024-07-25T22:53:26Z,2024-07-31T13:53:08Z,2024-07-31T13:53:11Z,19,0,0,2024-06-16
priors,2024-07-25T22:53:26Z,2024-07-31T13:53:11Z,2024-07-31T13:53:14Z,19,0,0,2024-06-17
priors,2024-07-25T22:53:26Z,2024-07-31T13:53:14Z,2024-07-31T13:53:16Z,19,0,0,2024-06-18
priors,2024-07-25T22:53:26Z,2024-07-31T13:53:17Z,2024-07-31T13:53:19Z,19,0,0,2024-06-19
priors,2024-07-25T22:53:26Z,2024-07-31T13:53:19Z,2024-07-31T13:53:22Z,19,0,0,2024-06-20
priors,2024-07-25T22:53:26Z,2024-07-31T13:53:22Z,2024-07-31T13:53:25Z,19,0,0,2024-06-21
priors,2024-07-25T22:53:26Z,2024-07-31T13:53:25Z,2024-07-31T13:53:28Z,19,0,0,2024-06-22
priors,2024-07-25T22:53:26Z,2024-07-31T13:53:28Z,2024-07-31T13:53:31Z,19,0,0,2024-06-23
priors,2024-07-25T22:53:26Z,2024-07-31T13:53:31Z,2024-07-31T13:53:34Z,19,0,0,2024-06-24
priors,2024-07-25T22:53:26Z,2024-07-31T13:53:34Z,2024-07-31T13:53:37Z,19,0,0,2024-06-25
priors,2024-07-25T22:53:26Z,2024-07-31T13:53:37Z,2024-07-31T13:53:39Z,19,0,0,2024-06-26
priors,2024-07-25T22:53:26Z,2024-07-31T13:53:39Z,2024-07-31T13:53:42Z,19,0,0,2024-06-27
priors,2024-07-25T22:53:26Z,2024-07-31T13:53:42Z,2024-07-31T13:53:45Z,19,0,0,2024-06-28
priors,2024-07-25T22:53:26Z,2024-07-31T13:53:45Z,2024-07-31T13:53:48Z,19,0,0,2024-06-29
priors,2024-07-25T22:53:26Z,2024-07-31T13:53:48Z,2024-07-31T13:53:51Z,19,0,0,2024-06-30
priors,2024-07-25T22:53:26Z,2024-07-31T13:53:51Z,2024-07-31T13:53:54Z,19,0,0,2024-07-01
priors,2024-07-25T22:53:26Z,2024-07-31T13:53:54Z,2024-07-31T13:53:57Z,19,0,0,2024-07-02
priors,2024-07-25T22:53:26Z,2024-07-31T13:53:57Z,2024-07-31T13:54:00Z,19,0,0,2024-07-03
priors,2024-07-25T22:53:26Z,2024-07-31T13:54:00Z,2024-07-31T13:54:02Z,19,0,0,2024-07-04
priors,2024-07-25T22:53:26Z,2024-07-31T13:54:03Z,2024-07-31T13:54:05Z,19,0,0,2024-07-05
priors,2024-07-25T22:53:26Z,2024-07-31T13:54:05Z,2024-07-31T13:54:08Z,19,0,0,2024-07-06
priors,2024-07-25T22:53:26Z,2024-07-31T13:54:08Z,2024-07-31T13:54:11Z,19,0,0,2024-07-07
priors,2024-07-25T22:53:26Z,2024-07-31T13:54:11Z,2024-07-31T13:54:14Z,19,0,0,2024-07-08
priors,2024-07-25T22:53:26Z,2024-07-31T13:54:14Z,2024-07-31T13:54:16Z,19,0,0,2024-07-09
priors,2024-07-25T22:53:26Z,2024-07-31T13:54:17Z,2024-07-31T13:54:19Z,19,0,0,2024-07-10
priors,2024-07-25T22:53:26Z,2024-07-31T13:54:19Z,2024-07-31T13:54:22Z,19,0,0,2024-07-11
priors,2024-07-25T22:53:26Z,2024-07-31T13:54:22Z,2024-07-31T13:54:25Z,19,0,0,2024-07-12
priors,2024-07-25T22:53:26Z,2024-07-31T13:54:25Z,2024-07-31T13:54:28Z,19,0,0,2024-07-13
priors,2024-07-25T22:53:26Z,2024-07-31T13:54:28Z,2024-07-31T13:54:31Z,19,0,0,2024-07-14
priors,2024-07-25T22:53:26Z,2024-07-31T13:54:31Z,2024-07-31T13:54:34Z,19,0,0,2024-07-15
priors,2024-07-25T22:53:26Z,2024-07-31T13:54:34Z,2024-07-31T13:54:37Z,19,0,0,2024-07-16
priors,2024-07-25T22:53:26Z,2024-07-31T13:54:37Z,2024-07-31T13:54:40Z,19,0,0,2024-07-17
priors,2024-07-25T22:53:26Z,2024-07-31T13:54:40Z,2024-07-31T13:54:42Z,19,0,0,2024-07-18
priors,2024-07-25T22:53:26Z,2024-07-31T13:54:43Z,2024-07-31T13:54:45Z,19,0,0,2024-07-19
priors,2024-07-25T22:53:26Z,2024-07-31T13:54:45Z,2024-07-31T13:54:48Z,19,0,0,2024-07-20
priors,2024-07-25T22:53:26Z,2024-07-31T13:54:48Z,2024-07-31T13:54:51Z,19,0,0,2024-07-21
priors,2024-07-25T22:53:26Z,2024-07-31T13:54:51Z,2024-07-31T13:54:54Z,19,0,0,2024-07-22
priors,2024-07-25T22:53:26Z,2024-07-31T13:54:54Z,2024-07-31T13:54:57Z,19,0,0,2024-07-23
priors,2024-07-25T22:53:26Z,2024-07-31T13:54:57Z,2024-07-31T13:55:00Z,19,0,0,2024-07-24
priors,2024-07-25T22:53:26Z,2024-07-31T13:55:00Z,2024-07-31T13:55:03Z,19,0,0,2024-07-25
priors,2024-07-25T22:53:26Z,2024-07-31T13:55:03Z,2024-07-31T13:55:06Z,19,0,0,2024-07-26
priors,2024-07-25T22:53:26Z,2024-07-31T13:55:06Z,2024-07-31T13:55:09Z,19,0,0,2024-07-27
priors,2024-07-25T22:53:26Z,2024-07-31T13:55:09Z,2024-07-31T13:55:12Z,19,0,0,2024-07-28
priors,2024-07-25T22:53:26Z,2024-07-31T13:55:12Z,2024-07-31T13:55:15Z,19,0,0,2024-07-29
priors,2024-07-25T22:53:26Z,2024-07-31T13:55:15Z,2024-07-31T13:55:18Z,19,0,0,2024-07-30
priors,2024-07-25T22:53:26Z,2024-07-31T13:55:18Z,2024-07-31T13:55:20Z,19,0,0,2024-07-31
polls,2024-07-26T00:58:17Z,2024-07-31T13:57:06Z,2024-07-31T14:05:46Z,1,0,0,2024-05-01
polls,2024-07-26T00:58:17Z,2024-07-31T14:05:46Z,2024-07-31T14:14:32Z,1,0,0,2024-05-02
polls,2024-07-26T00:58:17Z,2024-07-31T14:14:32Z,2024-07-31T14:23:07Z,1,0,0,2024-05-03
polls,2024-07-26T00:58:17Z,2024-07-31T14:23:07Z,2024-07-31T14:31:36Z,1,0,0,2024-05-04
polls,2024-07-26T00:58:17Z,2024-07-31T14:31:36Z,2024-07-31T14:40:23Z,1,0,0,2024-05-05
polls,2024-07-26T00:58:17Z,2024-07-31T14:40:23Z,2024-07-31T14:56:47Z,4,5,0,2024-05-06
polls,2024-07-26T00:58:17Z,2024-07-31T14:56:47Z,2024-07-31T15:10:00Z,6,22,0,2024-05-07
polls,2024-07-26T00:58:17Z,2024-07-31T15:10:56Z,2024-07-31T15:27:30Z,9,13,0,2024-05-08
polls,2024-07-26T00:58:17Z,2024-07-31T15:27:31Z,2024-07-31T15:44:23Z,13,3,0,2024-05-09
polls,2024-07-26T00:58:17Z,2024-07-31T15:44:23Z,2024-07-31T16:01:54Z,14,1,0,2024-05-10
polls,2024-07-26T00:58:17Z,2024-07-31T16:01:54Z,2024-07-31T16:25:48Z,15,2,0,2024-05-11
polls,2024-07-26T00:58:17Z,2024-07-31T16:25:48Z,2024-07-31T16:43:21Z,17,2,0,2024-05-12
polls,2024-07-26T00:58:17Z,2024-07-31T16:43:21Z,2024-07-31T17:01:17Z,29,2,0,2024-05-13
polls,2024-07-26T00:58:17Z,2024-07-31T17:01:17Z,2024-07-31T17:19:37Z,32,10,0,2024-05-14
polls,2024-07-26T00:58:17Z,2024-07-31T17:59:14Z,2024-07-31T18:16:25Z,36,5,0,2024-05-15
polls,2024-07-26T00:58:17Z,2024-07-31T18:16:25Z,2024-07-31T18:33:25Z,36,7,0,2024-05-16
polls,2024-07-26T00:58:17Z,2024-07-31T18:33:25Z,2024-07-31T18:51:26Z,39,23,0,2024-05-17
polls,2024-07-26T00:58:17Z,2024-07-31T18:51:26Z,2024-07-31T19:09:15Z,39,53,0,2024-05-18
polls,2024-07-26T00:58:17Z,2024-07-31T19:09:15Z,2024-07-31T19:26:58Z,41,7,0,2024-05-19
polls,2024-07-26T00:58:17Z,2024-07-31T19:26:58Z,2024-07-31T19:45:01Z,44,4,0,2024-05-20
polls,2024-07-26T00:58:17Z,2024-07-31T19:45:01Z,2024-07-31T20:02:26Z,47,6,0,2024-05-21
polls,2024-07-26T00:58:17Z,2024-07-31T20:03:13Z,2024-07-31T20:20:41Z,76,2,0,2024-05-22
polls,2024-07-26T00:58:17Z,2024-07-31T20:20:41Z,2024-07-31T20:38:08Z,93,4,0,2024-05-23
polls,2024-07-26T00:58:17Z,2024-07-31T20:38:08Z,2024-07-31T20:55:46Z,95,6,0,2024-05-24
polls,2024-07-26T00:58:17Z,2024-07-31T20:55:46Z,2024-07-31T21:12:46Z,95,9,0,2024-05-25
polls,2024-07-26T00:58:17Z,2024-07-31T21:12:46Z,2024-07-31T21:27:09Z,95,16,0,2024-05-26
polls,2024-07-26T00:58:17Z,2024-07-31T21:27:09Z,2024-07-31T21:44:43Z,95,9,0,2024-05-27
polls,2024-07-26T00:58:17Z,2024-07-31T21:44:43Z,2024-07-31T22:01:53Z,99,14,0,2024-05-28
polls,2024-07-26T00:58:17Z,2024-07-31T22:03:26Z,2024-07-31T22:20:54Z,103,1,0,2024-05-29
polls,2024-07-26T00:58:17Z,2024-07-31T22:20:54Z,2024-07-31T22:38:17Z,105,13,0,2024-05-30
polls,2024-07-26T00:58:17Z,2024-07-31T22:38:17Z,2024-07-31T22:55:24Z,107,13,0,2024-05-31
polls,2024-07-26T00:58:17Z,2024-08-01T00:46:41Z,2024-08-01T01:04:20Z,108,8,0,2024-06-01
polls,2024-07-26T00:58:17Z,2024-08-01T01:04:20Z,2024-08-01T01:21:32Z,108,2,0,2024-06-02
polls,2024-07-26T00:58:17Z,2024-08-01T01:21:32Z,2024-08-01T01:38:41Z,111,4,0,2024-06-03
polls,2024-07-26T00:58:17Z,2024-08-01T01:38:41Z,2024-08-01T01:55:26Z,112,13,0,2024-06-04
polls,2024-07-26T00:58:17Z,2024-08-01T01:55:26Z,2024-08-01T02:11:53Z,118,7,0,2024-06-05
polls,2024-07-26T00:58:17Z,2024-08-01T02:11:53Z,2024-08-01T02:28:54Z,126,4,0,2024-06-06
polls,2024-07-26T00:58:17Z,2024-08-01T02:28:54Z,2024-08-01T02:45:35Z,128,5,0,2024-06-07
polls,2024-07-26T00:58:17Z,2024-08-01T03:08:01Z,2024-08-01T03:25:07Z,128,1,0,2024-06-08
polls,2024-07-26T00:58:17Z,2024-08-01T03:25:07Z,2024-08-01T03:42:04Z,129,8,0,2024-06-09
polls,2024-07-26T00:58:17Z,2024-08-01T03:42:04Z,2024-08-01T03:58:46Z,130,4,0,2024-06-10
polls,2024-07-26T00:58:17Z,2024-08-01T03:58:46Z,2024-08-01T04:16:08Z,132,14,0,2024-06-11
polls,2024-07-26T00:58:17Z,2024-08-01T04:16:08Z,2024-08-01T04:29:59Z,141,13,0,2024-06-12
polls,2024-07-26T00:58:17Z,2024-08-01T04:29:59Z,2024-08-01T04:46:52Z,144,27,0,2024-06-13
polls,2024-07-26T00:58:17Z,2024-08-01T04:46:53Z,2024-08-01T05:02:05Z,147,10,0,2024-06-14
approval,2024-06-30T12:20:30Z,2024-08-01T10:52:54Z,2024-08-01T10:53:01Z,92,0,0,2024-08-01
priors,2024-07-25T22:53:26Z,2024-08-01T10:53:01Z,2024-08-01T10:53:04Z,19,0,0,2024-08-01
polls,2024-07-26T00:58:17Z,2024-08-01T10:53:14Z,2024-08-01T11:10:02Z,147,5,0,2024-06-15
polls,2024-07-26T00:58:17Z,2024-08-01T11:10:02Z,2024-08-01T11:23:50Z,147,18,0,2024-06-16
polls,2024-07-26T00:58:17Z,2024-08-01T11:23:50Z,2024-08-01T11:37:53Z,155,5,0,2024-06-17
polls,2024-07-26T00:58:17Z,2024-08-01T11:37:53Z,2024-08-01T11:54:36Z,158,6,0,2024-06-18
polls,2024-07-26T00:58:17Z,2024-08-01T11:54:36Z,2024-08-01T12:11:30Z,160,1,0,2024-06-19
polls,2024-07-26T00:58:17Z,2024-08-01T12:11:30Z,2024-08-01T12:28:10Z,172,4,0,2024-06-20
polls,2024-07-26T00:58:17Z,2024-08-01T12:28:10Z,2024-08-01T12:44:53Z,174,5,0,2024-06-21
polls,2024-07-26T00:58:17Z,2024-08-01T13:03:23Z,2024-08-01T13:20:46Z,175,8,0,2024-06-22
polls,2024-07-26T00:58:17Z,2024-08-01T13:20:46Z,2024-08-01T13:38:11Z,176,3,0,2024-06-23
polls,2024-07-26T00:58:17Z,2024-08-01T13:38:11Z,2024-08-01T13:55:24Z,179,17,0,2024-06-24
polls,2024-07-26T00:58:17Z,2024-08-01T13:55:24Z,2024-08-01T14:12:34Z,182,5,0,2024-06-25
polls,2024-07-26T00:58:17Z,2024-08-01T14:12:34Z,2024-08-01T14:28:19Z,191,1,0,2024-06-26
polls,2024-07-26T00:58:17Z,2024-08-01T14:28:19Z,2024-08-01T14:42:32Z,201,0,0,2024-06-27
polls,2024-07-26T00:58:17Z,2024-08-01T14:42:33Z,2024-08-01T14:57:45Z,208,2,0,2024-06-28
polls,2024-07-26T00:58:17Z,2024-08-01T14:59:01Z,2024-08-01T15:16:32Z,212,2,0,2024-06-29
polls,2024-07-26T00:58:17Z,2024-08-01T15:16:32Z,2024-08-01T15:33:42Z,213,1,0,2024-06-30
polls,2024-07-26T00:58:17Z,2024-08-01T15:56:12Z,2024-08-01T16:14:48Z,219,0,0,2024-07-01
polls,2024-07-26T00:58:17Z,2024-08-01T16:14:48Z,2024-08-01T16:33:13Z,228,2,0,2024-07-02
polls,2024-07-26T00:58:17Z,2024-08-01T16:33:13Z,2024-08-01T16:52:25Z,235,0,0,2024-07-03
polls,2024-07-26T00:58:17Z,2024-08-01T16:52:25Z,2024-08-01T17:11:16Z,235,0,0,2024-07-04
polls,2024-07-26T00:58:17Z,2024-08-01T17:11:16Z,2024-08-01T17:31:06Z,236,0,0,2024-07-05
polls,2024-07-26T00:58:17Z,2024-08-01T17:31:06Z,2024-08-01T17:46:23Z,246,0,0,2024-07-06
polls,2024-07-26T00:58:17Z,2024-08-01T17:46:23Z,2024-08-01T18:04:29Z,247,0,0,2024-07-07
polls,2024-07-26T00:58:17Z,2024-08-01T18:06:40Z,2024-08-01T18:26:50Z,269,1,0,2024-07-08
polls,2024-07-26T00:58:17Z,2024-08-01T18:26:50Z,2024-08-01T18:47:21Z,274,0,0,2024-07-09
polls,2024-07-26T00:58:17Z,2024-08-01T18:47:21Z,2024-08-01T19:07:23Z,280,2,0,2024-07-10
polls,2024-07-26T00:58:17Z,2024-08-01T19:07:23Z,2024-08-01T19:27:01Z,286,0,0,2024-07-11
polls,2024-07-26T00:58:17Z,2024-08-01T19:27:01Z,2024-08-01T19:47:08Z,291,0,0,2024-07-12
polls,2024-07-26T00:58:17Z,2024-08-01T19:47:09Z,2024-08-01T20:07:21Z,291,0,0,2024-07-13
polls,2024-07-26T00:58:17Z,2024-08-01T20:07:22Z,2024-08-01T20:27:24Z,299,0,0,2024-07-14
polls,2024-07-26T00:58:17Z,2024-08-01T20:33:16Z,2024-08-01T20:54:21Z,315,0,0,2024-07-15
polls,2024-07-26T00:58:17Z,2024-08-01T20:54:21Z,2024-08-01T21:14:35Z,326,2,0,2024-07-16
polls,2024-07-26T00:58:17Z,2024-08-01T21:14:35Z,2024-08-01T21:34:36Z,338,0,0,2024-07-17
polls,2024-07-26T00:58:17Z,2024-08-01T21:34:36Z,2024-08-01T21:56:08Z,375,0,0,2024-07-18
polls,2024-07-26T00:58:17Z,2024-08-01T21:56:08Z,2024-08-01T22:17:41Z,387,0,0,2024-07-19
polls,2024-07-26T00:58:17Z,2024-08-01T22:17:41Z,2024-08-01T22:39:37Z,387,1,0,2024-07-20
polls,2024-07-26T00:58:17Z,2024-08-01T22:39:37Z,2024-08-01T23:00:51Z,397,0,0,2024-07-21
polls,2024-07-26T00:58:17Z,2024-08-01T23:19:11Z,2024-08-01T23:39:33Z,424,0,0,2024-07-22
polls,2024-07-26T00:58:17Z,2024-08-01T23:39:33Z,2024-08-02T00:00:00Z,432,0,0,2024-07-23
polls,2024-07-26T00:58:17Z,2024-08-02T00:00:00Z,2024-08-02T00:21:03Z,438,0,0,2024-07-24
polls,2024-07-26T00:58:17Z,2024-08-02T00:21:03Z,2024-08-02T00:42:28Z,450,1,0,2024-07-25
polls,2024-07-26T00:58:17Z,2024-08-02T00:42:28Z,2024-08-02T01:03:40Z,471,0,0,2024-07-26
polls,2024-07-26T00:58:17Z,2024-08-02T01:03:40Z,2024-08-02T01:25:03Z,472,0,0,2024-07-27
polls,2024-07-26T00:58:17Z,2024-08-02T01:25:03Z,2024-08-02T01:46:33Z,473,0,0,2024-07-28
polls,2024-07-26T00:58:17Z,2024-08-02T02:00:59Z,2024-08-02T02:22:55Z,481,0,0,2024-07-29
polls,2024-07-26T00:58:17Z,2024-08-02T02:22:55Z,2024-08-02T02:44:25Z,494,0,0,2024-07-30
polls,2024-07-26T00:58:17Z,2024-08-02T02:44:25Z,2024-08-02T03:06:06Z,506,0,0,2024-07-31
polls,2024-07-26T00:58:17Z,2024-08-02T03:14:29Z,2024-08-02T03:36:18Z,514,0,0,2024-08-01
approval,2024-06-30T12:20:30Z,2024-08-02T11:51:39Z,2024-08-02T11:51:47Z,93,0,0,2024-08-02
priors,2024-07-25T22:53:26Z,2024-08-02T11:51:49Z,2024-08-02T11:51:52Z,19,0,0,2024-08-02
polls,2024-07-26T00:58:17Z,2024-08-02T11:51:56Z,2024-08-02T12:13:59Z,514,0,0,2024-08-02
approval,2024-06-30T12:20:30Z,2024-08-03T12:45:17Z,2024-08-03T12:45:25Z,93,0,0,2024-08-03
priors,2024-07-25T22:53:26Z,2024-08-03T12:45:26Z,2024-08-03T12:45:29Z,19,0,0,2024-08-03
polls,2024-07-26T00:58:17Z,2024-08-03T12:45:30Z,2024-08-03T13:07:23Z,515,0,0,2024-08-03
approval,2024-06-30T12:20:30Z,2024-08-04T13:03:46Z,2024-08-04T13:04:10Z,95,0,0,2024-08-04
priors,2024-07-25T22:53:26Z,2024-08-04T13:04:15Z,2024-08-04T13:04:19Z,19,0,0,2024-08-04
polls,2024-07-26T00:58:17Z,2024-08-04T13:08:02Z,2024-08-04T13:30:06Z,516,0,0,2024-08-04
approval,2024-06-30T12:20:30Z,2024-08-05T12:04:27Z,2024-08-05T12:04:35Z,95,0,0,2024-08-05
priors,2024-07-25T22:53:26Z,2024-08-05T12:05:31Z,2024-08-05T12:05:34Z,19,0,0,2024-08-05
polls,2024-07-26T00:58:17Z,2024-08-05T12:05:37Z,2024-08-05T12:27:41Z,517,0,0,2024-08-05
approval,2024-06-30T12:20:30Z,2024-08-06T12:10:24Z,2024-08-06T12:10:33Z,95,0,0,2024-08-06
priors,2024-08-05T12:28:21Z,2024-08-06T12:10:34Z,2024-08-06T12:10:45Z,19,0,0,2024-08-06
polls,2024-08-05T12:28:21Z,2024-08-06T12:10:49Z,2024-08-06T12:33:26Z,522,0,0,2024-08-06
approval,2024-06-30T12:20:30Z,2024-08-07T13:13:40Z,2024-08-07T13:13:48Z,98,0,0,2024-08-07
priors,2024-08-05T12:28:21Z,2024-08-07T13:13:49Z,2024-08-07T13:13:52Z,19,0,0,2024-08-07
polls,2024-08-05T12:28:21Z,2024-08-07T13:13:53Z,2024-08-07T13:35:50Z,535,0,0,2024-08-07
approval,2024-06-30T12:20:30Z,2024-08-08T12:15:15Z,2024-08-08T12:15:23Z,99,0,0,2024-08-08
priors,2024-08-05T12:28:21Z,2024-08-08T12:15:25Z,2024-08-08T12:15:28Z,19,0,0,2024-08-08
polls,2024-08-05T12:28:21Z,2024-08-08T12:15:34Z,2024-08-08T12:37:36Z,537,0,0,2024-08-08
approval,2024-06-30T12:20:30Z,2024-08-09T12:32:56Z,2024-08-09T12:33:04Z,100,0,0,2024-08-09
priors,2024-08-05T12:28:21Z,2024-08-09T12:33:09Z,2024-08-09T12:33:12Z,19,0,0,2024-08-09
polls,2024-08-05T12:28:21Z,2024-08-09T12:36:36Z,2024-08-09T12:58:56Z,545,0,0,2024-08-09
approval,2024-06-30T12:20:30Z,2024-08-10T12:56:47Z,2024-08-10T12:56:55Z,101,0,0,2024-08-10
priors,2024-08-05T12:28:21Z,2024-08-10T12:56:56Z,2024-08-10T12:56:59Z,19,0,0,2024-08-10
polls,2024-08-05T12:28:21Z,2024-08-10T12:57:01Z,2024-08-10T13:19:19Z,548,0,0,2024-08-10
approval,2024-06-30T12:20:30Z,2024-08-11T13:49:59Z,2024-08-11T13:50:07Z,101,0,0,2024-08-11
priors,2024-08-05T12:28:21Z,2024-08-11T13:50:09Z,2024-08-11T13:50:12Z,19,0,0,2024-08-11
polls,2024-08-05T12:28:21Z,2024-08-11T13:50:13Z,2024-08-11T14:12:35Z,552,0,0,2024-08-11
approval,2024-06-30T12:20:30Z,2024-08-12T13:21:05Z,2024-08-12T13:21:13Z,101,0,0,2024-08-12
priors,2024-08-05T12:28:21Z,2024-08-12T13:21:14Z,2024-08-12T13:21:17Z,19,0,0,2024-08-12
polls,2024-08-05T12:28:21Z,2024-08-12T13:21:18Z,2024-08-12T13:43:38Z,556,0,0,2024-08-12
approval,2024-06-30T12:20:30Z,2024-08-13T12:02:51Z,2024-08-13T12:02:59Z,104,0,0,2024-08-13
priors,2024-08-05T12:28:21Z,2024-08-13T12:03:00Z,2024-08-13T12:03:03Z,19,0,0,2024-08-13
polls,2024-08-05T12:28:21Z,2024-08-13T12:03:04Z,2024-08-13T12:25:10Z,560,0,0,2024-08-13
approval,2024-06-30T12:20:30Z,2024-08-14T13:14:24Z,2024-08-14T13:14:33Z,104,0,0,2024-08-14
priors,2024-08-05T12:28:21Z,2024-08-14T13:14:39Z,2024-08-14T13:14:42Z,19,0,0,2024-08-14
polls,2024-08-05T12:28:21Z,2024-08-14T13:14:44Z,2024-08-14T13:37:08Z,563,0,0,2024-08-14
approval,2024-06-30T12:20:30Z,2024-08-15T11:59:53Z,2024-08-15T12:00:01Z,106,0,0,2024-08-15
priors,2024-08-05T12:28:21Z,2024-08-15T12:00:03Z,2024-08-15T12:00:06Z,19,0,0,2024-08-15
polls,2024-08-05T12:28:21Z,2024-08-15T12:00:08Z,2024-08-15T12:22:29Z,579,0,0,2024-08-15
approval,2024-06-30T12:20:30Z,2024-08-16T12:00:48Z,2024-08-16T12:00:56Z,107,0,0,2024-08-16
priors,2024-08-05T12:28:21Z,2024-08-16T12:00:57Z,2024-08-16T12:01:00Z,19,0,0,2024-08-16
polls,2024-08-05T12:28:21Z,2024-08-16T12:01:00Z,2024-08-16T12:23:29Z,589,0,0,2024-08-16
approval,2024-06-30T12:20:30Z,2024-08-17T12:41:15Z,2024-08-17T12:41:23Z,107,0,0,2024-08-17
priors,2024-08-05T12:28:21Z,2024-08-17T12:41:25Z,2024-08-17T12:41:29Z,19,0,0,2024-08-17
polls,2024-08-05T12:28:21Z,2024-08-17T12:41:29Z,2024-08-17T13:03:46Z,595,0,0,2024-08-17
approval,2024-06-30T12:20:30Z,2024-08-18T15:32:05Z,2024-08-18T15:32:14Z,107,0,0,2024-08-18
priors,2024-08-05T12:28:21Z,2024-08-18T15:32:16Z,2024-08-18T15:32:19Z,19,0,0,2024-08-18
polls,2024-08-05T12:28:21Z,2024-08-18T15:32:20Z,2024-08-18T15:54:41Z,599,0,0,2024-08-18
approval,2024-06-30T12:20:30Z,2024-08-19T12:44:03Z,2024-08-19T12:44:12Z,110,0,0,2024-08-19
priors,2024-08-05T12:28:21Z,2024-08-19T12:44:14Z,2024-08-19T12:44:17Z,19,0,0,2024-08-19
polls,2024-08-05T12:28:21Z,2024-08-19T12:44:19Z,2024-08-19T13:06:43Z,600,0,0,2024-08-19
approval,2024-06-30T12:20:30Z,2024-08-20T12:13:20Z,2024-08-20T12:13:28Z,111,0,0,2024-08-20
priors,2024-08-05T12:28:21Z,2024-08-20T12:13:29Z,2024-08-20T12:13:32Z,19,0,0,2024-08-20
polls,2024-08-05T12:28:21Z,2024-08-20T12:13:34Z,2024-08-20T12:36:05Z,625,0,0,2024-08-20
approval,2024-06-30T12:20:30Z,2024-08-21T13:06:03Z,2024-08-21T13:06:12Z,111,0,0,2024-08-21
priors,2024-08-05T12:28:21Z,2024-08-21T13:06:13Z,2024-08-21T13:06:16Z,19,0,0,2024-08-21
polls,2024-08-05T12:28:21Z,2024-08-21T13:06:18Z,2024-08-21T13:29:13Z,632,0,0,2024-08-21
approval,2024-06-30T12:20:30Z,2024-08-22T12:19:21Z,2024-08-22T12:19:30Z,113,0,0,2024-08-22
priors,2024-08-05T12:28:21Z,2024-08-22T12:19:32Z,2024-08-22T12:19:35Z,19,0,0,2024-08-22
polls,2024-08-05T12:28:21Z,2024-08-22T12:19:37Z,2024-08-22T12:42:16Z,638,0,0,2024-08-22
approval,2024-06-30T12:20:30Z,2024-08-23T12:06:53Z,2024-08-23T12:07:02Z,114,0,0,2024-08-23
priors,2024-08-05T12:28:21Z,2024-08-23T12:07:11Z,2024-08-23T12:07:14Z,19,0,0,2024-08-23
polls,2024-08-05T12:28:21Z,2024-08-23T12:07:15Z,2024-08-23T12:30:02Z,651,0,0,2024-08-23
approval,2024-06-30T12:20:30Z,2024-08-24T12:28:16Z,2024-08-24T12:28:24Z,114,0,0,2024-08-24
priors,2024-08-05T12:28:21Z,2024-08-24T12:28:34Z,2024-08-24T12:28:37Z,19,0,0,2024-08-24
polls,2024-08-05T12:28:21Z,2024-08-24T12:28:40Z,2024-08-24T12:51:30Z,657,0,0,2024-08-24
approval,2024-06-30T12:20:30Z,2024-08-25T13:22:53Z,2024-08-25T13:23:01Z,114,0,0,2024-08-25
priors,2024-08-05T12:28:21Z,2024-08-25T13:23:03Z,2024-08-25T13:23:06Z,19,0,0,2024-08-25
polls,2024-08-05T12:28:21Z,2024-08-25T13:23:07Z,2024-08-25T13:45:53Z,657,0,0,2024-08-25
approval,2024-06-30T12:20:30Z,2024-08-26T13:40:36Z,2024-08-26T13:41:04Z,114,0,0,2024-08-26
priors,2024-08-05T12:28:21Z,2024-08-26T13:41:05Z,2024-08-26T13:41:13Z,19,0,0,2024-08-26
polls,2024-08-05T12:28:21Z,2024-08-26T13:41:23Z,2024-08-26T14:04:56Z,660,0,0,2024-08-26
approval,2024-06-30T12:20:30Z,2024-08-27T13:11:44Z,2024-08-27T13:11:53Z,118,0,0,2024-08-27
priors,2024-08-05T12:28:21Z,2024-08-27T13:11:58Z,2024-08-27T13:12:01Z,19,0,0,2024-08-27
polls,2024-08-05T12:28:21Z,2024-08-27T13:12:02Z,2024-08-27T13:35:07Z,662,0,0,2024-08-27
approval,2024-06-30T12:20:30Z,2024-08-28T13:03:25Z,2024-08-28T13:03:34Z,118,0,0,2024-08-28
priors,2024-08-05T12:28:21Z,2024-08-28T13:03:35Z,2024-08-28T13:03:38Z,19,0,0,2024-08-28
polls,2024-08-05T12:28:21Z,2024-08-28T13:04:00Z,2024-08-28T13:26:41Z,670,0,0,2024-08-28
approval,2024-06-30T12:20:30Z,2024-08-29T12:04:31Z,2024-08-29T12:04:40Z,120,0,0,2024-08-29
priors,2024-08-05T12:28:21Z,2024-08-29T12:04:40Z,2024-08-29T12:04:43Z,19,0,0,2024-08-29
polls,2024-08-05T12:28:21Z,2024-08-29T12:04:45Z,2024-08-29T12:27:52Z,678,0,0,2024-08-29
approval,2024-06-30T12:20:30Z,2024-08-30T12:08:47Z,2024-08-30T12:08:59Z,121,0,0,2024-08-30
priors,2024-08-05T12:28:21Z,2024-08-30T12:09:10Z,2024-08-30T12:09:16Z,19,0,0,2024-08-30
polls,2024-08-05T12:28:21Z,2024-08-30T12:09:19Z,2024-08-30T12:32:20Z,708,0,0,2024-08-30
approval,2024-06-30T12:20:30Z,2024-08-31T13:08:05Z,2024-08-31T13:08:14Z,122,0,0,2024-08-31
priors,2024-08-05T12:28:21Z,2024-08-31T13:08:15Z,2024-08-31T13:08:18Z,19,0,0,2024-08-31
polls,2024-08-05T12:28:21Z,2024-08-31T13:08:19Z,2024-08-31T13:31:21Z,730,0,0,2024-08-31
approval,2024-06-30T12:20:30Z,2024-09-01T12:44:47Z,2024-09-01T12:44:56Z,122,0,0,2024-09-01
priors,2024-08-05T12:28:21Z,2024-09-01T12:44:56Z,2024-09-01T12:44:59Z,19,0,0,2024-09-01
polls,2024-08-05T12:28:21Z,2024-09-01T12:44:59Z,2024-09-01T13:08:04Z,737,0,0,2024-09-01
approval,2024-06-30T12:20:30Z,2024-09-02T13:22:29Z,2024-09-02T13:22:38Z,122,0,0,2024-09-02
priors,2024-08-05T12:28:21Z,2024-09-02T13:22:38Z,2024-09-02T13:22:41Z,19,0,0,2024-09-02
polls,2024-08-05T12:28:21Z,2024-09-02T13:22:41Z,2024-09-02T13:45:28Z,740,0,0,2024-09-02
approval,2024-06-30T12:20:30Z,2024-09-03T12:04:48Z,2024-09-03T12:04:57Z,125,0,0,2024-09-03
priors,2024-08-05T12:28:21Z,2024-09-03T12:04:58Z,2024-09-03T12:05:01Z,19,0,0,2024-09-03
polls,2024-08-05T12:28:21Z,2024-09-03T12:05:02Z,2024-09-03T12:27:48Z,720,0,0,2024-09-03
approval,2024-06-30T12:20:30Z,2024-09-04T13:22:38Z,2024-09-04T13:22:47Z,126,0,0,2024-09-04
priors,2024-08-05T12:28:21Z,2024-09-04T13:22:48Z,2024-09-04T13:22:51Z,19,0,0,2024-09-04
polls,2024-08-05T12:28:21Z,2024-09-04T13:22:53Z,2024-09-04T13:45:21Z,730,0,0,2024-09-04
approval,2024-06-30T12:20:30Z,2024-09-05T11:57:49Z,2024-09-05T11:57:58Z,127,0,0,2024-09-05
priors,2024-08-05T12:28:21Z,2024-09-05T11:57:58Z,2024-09-05T11:58:01Z,19,0,0,2024-09-05
polls,2024-08-05T12:28:21Z,2024-09-05T11:58:01Z,2024-09-05T12:20:48Z,732,0,0,2024-09-05
approval,2024-06-30T12:20:30Z,2024-09-06T12:04:45Z,2024-09-06T12:04:54Z,128,0,0,2024-09-06
priors,2024-08-05T12:28:21Z,2024-09-06T12:04:55Z,2024-09-06T12:04:58Z,19,0,0,2024-09-06
polls,2024-08-05T12:28:21Z,2024-09-06T12:04:59Z,2024-09-06T12:28:06Z,749,0,0,2024-09-06
approval,2024-06-30T12:20:30Z,2024-09-07T13:25:08Z,2024-09-07T13:25:18Z,128,0,0,2024-09-07
priors,2024-08-05T12:28:21Z,2024-09-07T13:25:19Z,2024-09-07T13:25:22Z,19,0,0,2024-09-07
polls,2024-08-05T12:28:21Z,2024-09-07T13:25:23Z,2024-09-07T13:48:14Z,755,0,0,2024-09-07
approval,2024-06-30T12:20:30Z,2024-09-08T14:18:52Z,2024-09-08T14:19:01Z,128,0,0,2024-09-08
priors,2024-08-05T12:28:21Z,2024-09-08T14:19:02Z,2024-09-08T14:19:05Z,19,0,0,2024-09-08
polls,2024-08-05T12:28:21Z,2024-09-08T14:19:06Z,2024-09-08T14:42:10Z,755,0,0,2024-09-08
approval,2024-06-30T12:20:30Z,2024-09-09T12:03:10Z,2024-09-09T12:03:20Z,131,0,0,2024-09-09
priors,2024-08-05T12:28:21Z,2024-09-09T12:03:21Z,2024-09-09T12:03:24Z,19,0,0,2024-09-09
polls,2024-08-05T12:28:21Z,2024-09-09T12:03:25Z,2024-09-09T12:26:39Z,760,0,0,2024-09-09
approval,2024-06-30T12:20:30Z,2024-09-10T12:42:43Z,2024-09-10T12:42:52Z,132,0,0,2024-09-10
priors,2024-08-05T12:28:21Z,2024-09-10T12:42:52Z,2024-09-10T12:42:56Z,19,0,0,2024-09-10
polls,2024-08-05T12:28:21Z,2024-09-10T12:42:56Z,2024-09-10T13:05:51Z,786,0,0,2024-09-10
approval,2024-06-30T12:20:30Z,2024-09-11T13:37:39Z,2024-09-11T13:37:49Z,133,0,0,2024-09-11
priors,2024-08-05T12:28:21Z,2024-09-11T13:37:49Z,2024-09-11T13:37:52Z,19,0,0,2024-09-11
polls,2024-08-05T12:28:21Z,2024-09-11T13:37:53Z,2024-09-11T14:00:54Z,802,0,0,2024-09-11
approval,2024-06-30T12:20:30Z,2024-09-12T12:22:26Z,2024-09-12T12:22:36Z,134,0,0,2024-09-12
priors,2024-08-05T12:28:21Z,2024-09-12T12:22:36Z,2024-09-12T12:22:40Z,19,0,0,2024-09-12
polls,2024-08-05T12:28:21Z,2024-09-12T12:22:40Z,2024-09-12T12:45:54Z,808,0,0,2024-09-12
approval,2024-06-30T12:20:30Z,2024-09-13T11:59:21Z,2024-09-13T11:59:31Z,134,0,0,2024-09-13
priors,2024-08-05T12:28:21Z,2024-09-13T11:59:31Z,2024-09-13T11:59:34Z,19,0,0,2024-09-13
polls,2024-08-05T12:28:21Z,2024-09-13T11:59:34Z,2024-09-13T12:22:33Z,812,0,0,2024-09-13
approval,2024-06-30T12:20:30Z,2024-09-14T13:36:09Z,2024-09-14T13:36:19Z,136,0,0,2024-09-14
priors,2024-08-05T12:28:21Z,2024-09-14T13:36:19Z,2024-09-14T13:36:22Z,19,0,0,2024-09-14
polls,2024-08-05T12:28:21Z,2024-09-14T13:36:22Z,2024-09-14T13:59:39Z,824,0,0,2024-09-14
approval,2024-06-30T12:20:30Z,2024-09-15T13:00:06Z,2024-09-15T13:00:16Z,137,0,0,2024-09-15
priors,2024-08-05T12:28:21Z,2024-09-15T13:00:16Z,2024-09-15T13:00:19Z,19,0,0,2024-09-15
polls,2024-08-05T12:28:21Z,2024-09-15T13:00:19Z,2024-09-15T13:23:32Z,829,0,0,2024-09-15
approval,2024-06-30T12:20:30Z,2024-09-16T11:59:45Z,2024-09-16T11:59:55Z,138,0,0,2024-09-16
priors,2024-08-05T12:28:21Z,2024-09-16T11:59:56Z,2024-09-16T11:59:59Z,19,0,0,2024-09-16
polls,2024-08-05T12:28:21Z,2024-09-16T12:00:01Z,2024-09-16T12:23:09Z,832,0,0,2024-09-16
approval,2024-06-30T12:20:30Z,2024-09-17T13:41:00Z,2024-09-17T13:41:10Z,139,0,0,2024-09-17
priors,2024-08-05T12:28:21Z,2024-09-17T13:41:24Z,2024-09-17T13:41:27Z,19,0,0,2024-09-17
polls,2024-08-05T12:28:21Z,2024-09-17T13:41:27Z,2024-09-17T14:04:47Z,837,0,0,2024-09-17
approval,2024-06-30T12:20:30Z,2024-09-18T13:06:06Z,2024-09-18T13:06:19Z,141,0,0,2024-09-18
priors,2024-08-05T12:28:21Z,2024-09-18T13:06:19Z,2024-09-18T13:06:22Z,19,0,0,2024-09-18
polls,2024-08-05T12:28:21Z,2024-09-18T13:06:23Z,2024-09-18T13:32:17Z,842,0,0,2024-09-18
approval,2024-06-30T12:20:30Z,2024-09-19T13:49:06Z,2024-09-19T13:49:19Z,141,0,0,2024-09-19
priors,2024-08-05T12:28:21Z,2024-09-19T13:49:19Z,2024-09-19T13:49:22Z,19,0,0,2024-09-19
polls,2024-08-05T12:28:21Z,2024-09-19T13:49:22Z,2024-09-19T14:12:55Z,882,0,0,2024-09-19
approval,2024-06-30T12:20:30Z,2024-09-20T12:24:10Z,2024-09-20T12:24:22Z,142,0,0,2024-09-20
priors,2024-08-05T12:28:21Z,2024-09-20T12:24:22Z,2024-09-20T12:24:25Z,19,0,0,2024-09-20
polls,2024-08-05T12:28:21Z,2024-09-20T12:24:25Z,2024-09-20T12:47:49Z,900,0,0,2024-09-20
approval,2024-06-30T12:20:30Z,2024-09-21T13:35:02Z,2024-09-21T13:35:13Z,142,0,0,2024-09-21
priors,2024-08-05T12:28:21Z,2024-09-21T13:35:14Z,2024-09-21T13:35:16Z,19,0,0,2024-09-21
polls,2024-08-05T12:28:21Z,2024-09-21T13:35:17Z,2024-09-21T13:58:46Z,904,0,0,2024-09-21
approval,2024-06-30T12:20:30Z,2024-09-22T14:41:25Z,2024-09-22T14:41:37Z,142,0,0,2024-09-22
priors,2024-08-05T12:28:21Z,2024-09-22T14:41:37Z,2024-09-22T14:41:41Z,19,0,0,2024-09-22
polls,2024-08-05T12:28:21Z,2024-09-22T14:41:41Z,2024-09-22T15:05:28Z,904,0,0,2024-09-22
approval,2024-06-30T12:20:30Z,2024-09-23T11:59:50Z,2024-09-23T12:00:01Z,145,0,0,2024-09-23
priors,2024-08-05T12:28:21Z,2024-09-23T12:00:01Z,2024-09-23T12:00:04Z,19,0,0,2024-09-23
polls,2024-08-05T12:28:21Z,2024-09-23T12:00:04Z,2024-09-23T12:23:29Z,906,0,0,2024-09-23
approval,2024-06-30T12:20:30Z,2024-09-24T13:34:58Z,2024-09-24T13:35:08Z,146,0,0,2024-09-24
priors,2024-08-05T12:28:21Z,2024-09-24T13:35:08Z,2024-09-24T13:35:11Z,19,0,0,2024-09-24
polls,2024-08-05T12:28:21Z,2024-09-24T13:35:12Z,2024-09-24T13:58:57Z,931,0,0,2024-09-24
approval,2024-06-30T12:20:30Z,2024-09-25T13:45:57Z,2024-09-25T13:46:10Z,147,0,0,2024-09-25
priors,2024-08-05T12:28:21Z,2024-09-25T13:46:10Z,2024-09-25T13:46:14Z,19,0,0,2024-09-25
polls,2024-08-05T12:28:21Z,2024-09-25T13:46:14Z,2024-09-25T14:10:15Z,952,0,0,2024-09-25
approval,2024-06-30T12:20:30Z,2024-09-26T13:48:42Z,2024-09-26T13:48:52Z,148,0,0,2024-09-26
priors,2024-08-05T12:28:21Z,2024-09-26T13:48:54Z,2024-09-26T13:48:57Z,19,0,0,2024-09-26
polls,2024-08-05T12:28:21Z,2024-09-26T13:49:05Z,2024-09-26T14:12:58Z,963,0,0,2024-09-26
approval,2024-06-30T12:20:30Z,2024-09-27T12:40:36Z,2024-09-27T12:40:49Z,149,0,0,2024-09-27
priors,2024-08-05T12:28:21Z,2024-09-27T12:40:59Z,2024-09-27T12:41:02Z,19,0,0,2024-09-27
polls,2024-08-05T12:28:21Z,2024-09-27T12:41:09Z,2024-09-27T13:07:21Z,980,0,0,2024-09-27
approval,2024-06-30T12:20:30Z,2024-09-28T14:21:13Z,2024-09-28T14:21:25Z,150,0,0,2024-09-28
priors,2024-08-05T12:28:21Z,2024-09-28T14:21:25Z,2024-09-28T14:21:29Z,19,0,0,2024-09-28
polls,2024-08-05T12:28:21Z,2024-09-28T14:21:29Z,2024-09-28T14:47:44Z,992,0,0,2024-09-28
approval,2024-06-30T12:20:30Z,2024-09-29T13:24:57Z,2024-09-29T13:25:10Z,150,0,0,2024-09-29
priors,2024-08-05T12:28:21Z,2024-09-29T13:25:12Z,2024-09-29T13:25:15Z,19,0,0,2024-09-29
polls,2024-08-05T12:28:21Z,2024-09-29T13:25:16Z,2024-09-29T13:51:41Z,996,0,0,2024-09-29
approval,2024-06-30T12:20:30Z,2024-09-30T13:45:12Z,2024-09-30T13:45:25Z,150,0,0,2024-09-30
priors,2024-08-05T12:28:21Z,2024-09-30T13:45:25Z,2024-09-30T13:45:29Z,19,0,0,2024-09-30
polls,2024-08-05T12:28:21Z,2024-09-30T13:45:29Z,2024-09-30T14:11:56Z,1007,0,0,2024-09-30
approval,2024-06-30T12:20:30Z,2024-10-01T13:56:40Z,2024-10-01T13:56:53Z,154,0,0,2024-10-01
priors,2024-08-05T12:28:21Z,2024-10-01T13:56:53Z,2024-10-01T13:56:56Z,19,0,0,2024-10-01
polls,2024-08-05T12:28:21Z,2024-10-01T13:56:57Z,2024-10-01T14:23:29Z,1014,0,0,2024-10-01
approval,2024-06-30T12:20:30Z,2024-10-02T13:38:48Z,2024-10-02T13:39:01Z,155,0,0,2024-10-02
priors,2024-08-05T12:28:21Z,2024-10-02T13:39:02Z,2024-10-02T13:39:06Z,19,0,0,2024-10-02
polls,2024-08-05T12:28:21Z,2024-10-02T13:39:07Z,2024-10-02T14:05:36Z,1042,0,0,2024-10-02
approval,2024-06-30T12:20:30Z,2024-10-03T11:56:58Z,2024-10-03T11:57:11Z,155,0,0,2024-10-03
priors,2024-08-05T12:28:21Z,2024-10-03T11:57:11Z,2024-10-03T11:57:14Z,19,0,0,2024-10-03
polls,2024-08-05T12:28:21Z,2024-10-03T11:57:14Z,2024-10-03T12:23:47Z,1049,0,0,2024-10-03
approval,2024-06-30T12:20:30Z,2024-10-04T13:23:17Z,2024-10-04T13:23:30Z,156,0,0,2024-10-04
priors,2024-08-05T12:28:21Z,2024-10-04T13:23:30Z,2024-10-04T13:23:33Z,19,0,0,2024-10-04
polls,2024-08-05T12:28:21Z,2024-10-04T13:23:33Z,2024-10-04T13:50:45Z,1061,0,0,2024-10-04
approval,2024-06-30T12:20:30Z,2024-10-05T14:12:28Z,2024-10-05T14:12:41Z,157,0,0,2024-10-05
priors,2024-08-05T12:28:21Z,2024-10-05T14:12:41Z,2024-10-05T14:12:44Z,19,0,0,2024-10-05
polls,2024-08-05T12:28:21Z,2024-10-05T14:12:44Z,2024-10-05T14:39:19Z,1063,0,0,2024-10-05
approval,2024-06-30T12:20:30Z,2024-10-06T13:12:39Z,2024-10-06T13:12:52Z,157,0,0,2024-10-06
priors,2024-08-05T12:28:21Z,2024-10-06T13:12:52Z,2024-10-06T13:12:55Z,19,0,0,2024-10-06
polls,2024-10-05T19:55:23Z,2024-10-06T13:12:55Z,2024-10-06T13:39:40Z,1063,0,0,2024-10-06
approval,2024-06-30T12:20:30Z,2024-10-07T13:01:20Z,2024-10-07T13:01:34Z,157,0,0,2024-10-07
priors,2024-08-05T12:28:21Z,2024-10-07T13:01:34Z,2024-10-07T13:01:37Z,19,0,0,2024-10-07
polls,2024-10-05T19:55:23Z,2024-10-07T13:01:37Z,2024-10-07T13:28:36Z,1065,0,0,2024-10-07
approval,2024-06-30T12:20:30Z,2024-10-08T14:20:49Z,2024-10-08T14:21:04Z,160,0,0,2024-10-08
priors,2024-08-05T12:28:21Z,2024-10-08T14:21:04Z,2024-10-08T14:21:07Z,19,0,0,2024-10-08
polls,2024-10-05T19:55:23Z,2024-10-08T14:21:07Z,2024-10-08T14:48:42Z,1090,0,0,2024-10-08
approval,2024-06-30T12:20:30Z,2024-10-09T13:39:20Z,2024-10-09T13:39:33Z,161,0,0,2024-10-09
priors,2024-08-05T12:28:21Z,2024-10-09T13:39:34Z,2024-10-09T13:39:37Z,19,0,0,2024-10-09
polls,2024-10-05T19:55:23Z,2024-10-09T13:39:37Z,2024-10-09T14:06:45Z,1101,0,0,2024-10-09
