cycle,president,day,fte_net
1948,truman,55,84
1948,truman,186,73.3
1948,truman,213,63.8
1948,truman,241,63.4
1948,truman,275,43.2
1948,truman,309,42.1
1948,truman,330,15
1948,truman,357,18.5
1948,truman,392,17
1948,truman,426,5.5
1948,truman,433,3.5
1948,truman,454,1.8
1948,truman,467,0
1948,truman,529,-16.3
1948,truman,557,-18.7
1948,truman,591,-19
1948,truman,619,-13.4
1948,truman,653,5.1
1948,truman,680,4.9
1948,truman,708,34.9
1948,truman,722,39.7
1948,truman,742,39.6
1948,truman,749,33.9
1948,truman,756,34
1948,truman,777,39.4
1948,truman,784,39.3
1948,truman,804,27.4
1948,truman,811,27.6
1948,truman,818,31.1
1948,truman,839,31
1948,truman,852,30.9
1948,truman,894,26.2
1948,truman,969,21.1
1948,truman,1003,16.7
1948,truman,1100,-13.7
1948,truman,1148,-8.4
1948,truman,1175,-7.4
1952,truman,1375,52
1952,truman,1430,34.8
1952,truman,1471,34.9
1952,truman,1498,20.8
1952,truman,1526,30.3
1952,truman,1567,30.2
1952,truman,1622,9.3
1952,truman,1636,17.5
1952,truman,1650,17.3
1952,truman,1663,17.2
1952,truman,1746,5.1
1952,truman,1787,-6.1
1952,truman,1828,-6
1952,truman,1856,2.7
1952,truman,1897,-7.8
1952,truman,1925,3.7
1952,truman,1952,-3.3
1952,truman,1966,6.7
1952,truman,1993,-7.3
1952,truman,2007,-12.1
1952,truman,2021,-2.4
1952,truman,2034,-4
1952,truman,2048,-4.1
1952,truman,2062,-4
1952,truman,2076,-17
1952,truman,2103,-13.9
1952,truman,2131,-30.5
1952,truman,2158,-31.6
1952,truman,2186,-29.7
1952,truman,2213,-29.9
1952,truman,2241,-37.1
1952,truman,2268,-34.7
1952,truman,2296,-29.3
1952,truman,2309,-26.6
1952,truman,2323,-26.7
1952,truman,2364,-22.4
1952,truman,2392,-25.1
1952,truman,2419,-34.9
1952,truman,2447,-34.8
1952,truman,2474,-43.3
1952,truman,2488,-39
1952,truman,2502,-41.7
1952,truman,2529,-41.6
1952,truman,2571,-31.6
1952,truman,2598,-32.7
1952,truman,2612,-29.4
1952,truman,2626,-27.3
1952,truman,2667,-29.3
1952,truman,2694,-29.2
1952,truman,2749,-22.6
1952,truman,2804,-22.6
1956,eisenhower,27,61
1956,eisenhower,41,59.5
1956,eisenhower,82,63.8
1956,eisenhower,96,62.5
1956,eisenhower,124,62.8
1956,eisenhower,179,55
1956,eisenhower,192,59.4
1956,eisenhower,206,59.3
1956,eisenhower,220,59.2
1956,eisenhower,234,59.1
1956,eisenhower,247,46.5
1956,eisenhower,275,46
1956,eisenhower,289,38.1
1956,eisenhower,302,38.2
1956,eisenhower,316,35.4
1956,eisenhower,330,42.8
1956,eisenhower,344,42.6
1956,eisenhower,371,50.4
1956,eisenhower,385,51.5
1956,eisenhower,399,51.4
1956,eisenhower,412,47.4
1956,eisenhower,440,45
1956,eisenhower,454,46.4
1956,eisenhower,481,41.2
1956,eisenhower,495,39.8
1956,eisenhower,522,38.6
1956,eisenhower,536,42.3
1956,eisenhower,550,49.3
1956,eisenhower,564,49
1956,eisenhower,577,48.3
1956,eisenhower,591,42.8
1956,eisenhower,605,42.9
1956,eisenhower,619,44.3
1956,eisenhower,646,38.8
1956,eisenhower,674,35.2
1956,eisenhower,687,42.9
1956,eisenhower,701,42.7
1956,eisenhower,715,49.8
1956,eisenhower,729,49.7
1956,eisenhower,742,51.3
1956,eisenhower,756,55.9
1956,eisenhower,770,55.8
1956,eisenhower,784,54.5
1956,eisenhower,797,54.6
1956,eisenhower,811,46.8
1956,eisenhower,825,53.2
1956,eisenhower,839,53
1956,eisenhower,852,52.2
1956,eisenhower,880,53.5
1956,eisenhower,894,52.4
1956,eisenhower,907,52.5
1956,eisenhower,934,61.3
1956,eisenhower,949,61.1
1956,eisenhower,962,57
1956,eisenhower,976,55.7
1956,eisenhower,1045,64.5
1956,eisenhower,1058,62.6
1956,eisenhower,1086,63.7
1956,eisenhower,1113,62.5
1956,eisenhower,1127,60.8
1956,eisenhower,1155,56.8
1956,eisenhower,1168,56.9
1956,eisenhower,1182,56.3
1956,eisenhower,1196,52
1956,eisenhower,1210,52.1
1956,eisenhower,1237,52
1956,eisenhower,1251,53.9
1956,eisenhower,1265,53.8
1956,eisenhower,1278,51.1
1956,eisenhower,1306,49.7
1960,eisenhower,1416,60
1960,eisenhower,1430,64.6
1960,eisenhower,1471,60.8
1960,eisenhower,1485,57.3
1960,eisenhower,1498,57.4
1960,eisenhower,1512,55.8
1960,eisenhower,1526,49.1
1960,eisenhower,1540,49.3
1960,eisenhower,1553,47.2
1960,eisenhower,1567,43.1
1960,eisenhower,1581,43.2
1960,eisenhower,1595,40.4
1960,eisenhower,1608,41.5
1960,eisenhower,1636,40.5
1960,eisenhower,1650,42.2
1960,eisenhower,1677,42.7
1960,eisenhower,1691,38.8
1960,eisenhower,1718,35
1960,eisenhower,1732,31.6
1960,eisenhower,1746,31.7
1960,eisenhower,1760,31.2
1960,eisenhower,1815,30.1
1960,eisenhower,1842,30.8
1960,eisenhower,1856,25.3
1960,eisenhower,1870,25.4
1960,eisenhower,1883,20.4
1960,eisenhower,1897,14.7
1960,eisenhower,1911,14.9
1960,eisenhower,1925,21.1
1960,eisenhower,1938,19.6
1960,eisenhower,1966,21.9
1960,eisenhower,1993,21.8
1960,eisenhower,2007,20.3
1960,eisenhower,2034,27.9
1960,eisenhower,2048,28.6
1960,eisenhower,2076,27.5
1960,eisenhower,2089,27.2
1960,eisenhower,2103,29
1960,eisenhower,2131,24.2
1960,eisenhower,2158,24.7
1960,eisenhower,2186,29.3
1960,eisenhower,2213,32.2
1960,eisenhower,2241,32.8
1960,eisenhower,2268,37.7
1960,eisenhower,2282,37.6
1960,eisenhower,2296,36.4
1960,eisenhower,2337,41.6
1960,eisenhower,2364,39.6
1960,eisenhower,2392,36.1
1960,eisenhower,2433,44.5
1960,eisenhower,2447,46.4
1960,eisenhower,2474,47.4
1960,eisenhower,2502,44.6
1960,eisenhower,2516,47.8
1960,eisenhower,2529,55.4
1960,eisenhower,2543,55.2
1960,eisenhower,2557,50.9
1960,eisenhower,2584,44.2
1960,eisenhower,2612,42.6
1960,eisenhower,2639,42.9
1960,eisenhower,2667,40.7
1960,eisenhower,2694,42.5
1960,eisenhower,2722,38.6
1960,eisenhower,2736,33.9
1960,eisenhower,2749,23.2
1960,eisenhower,2763,31.4
1960,eisenhower,2777,34.8
1960,eisenhower,2791,33.7
1960,eisenhower,2804,31.6
1960,eisenhower,2818,36.1
1960,eisenhower,2832,36
1960,eisenhower,2846,30.2
1960,eisenhower,2873,32.3
1964,kennedy,27,66
1964,kennedy,82,70.3
1964,kennedy,96,70.4
1964,kennedy,110,72.2
1964,kennedy,124,68.9
1964,kennedy,137,66.5
1964,kennedy,151,66.4
1964,kennedy,165,61.4
1964,kennedy,192,61.1
1964,kennedy,206,62.8
1964,kennedy,234,63.7
1964,kennedy,261,67.8
1964,kennedy,289,65.6
1964,kennedy,316,69
1964,kennedy,330,67.6
1964,kennedy,371,68.7
1964,kennedy,399,67.4
1964,kennedy,426,67.9
1964,kennedy,454,65.6
1964,kennedy,481,61
1964,kennedy,509,53.5
1964,kennedy,536,50.8
1964,kennedy,564,44.8
1964,kennedy,591,47.3
1964,kennedy,619,42.5
1964,kennedy,646,38.3
1964,kennedy,674,55
1964,kennedy,701,61
1964,kennedy,729,60.2
1964,kennedy,756,54
1964,kennedy,784,48.6
1964,kennedy,811,45.1
1964,kennedy,839,40.5
1964,kennedy,852,41.3
1964,kennedy,866,40.5
1964,kennedy,880,40.6
1964,kennedy,894,36.7
1964,kennedy,934,34.7
1964,kennedy,949,36.5
1964,kennedy,976,28.5
1964,kennedy,1003,28.9
1964,johnson,27,72.5
1964,johnson,55,72.2
1964,johnson,82,69.3
1964,johnson,96,67.1
1964,johnson,110,69.3
1964,johnson,124,69.2
1964,johnson,137,66.4
1964,johnson,151,66.2
1964,johnson,165,64.8
1964,johnson,192,62.6
1964,johnson,206,62.3
1964,johnson,220,61.2
1964,johnson,234,60.1
1964,johnson,247,60.2
1964,johnson,261,60.3
1968,johnson,371,51
1968,johnson,426,54.8
1968,johnson,440,54.9
1968,johnson,467,52.2
1968,johnson,481,50.7
1968,johnson,495,49.4
1968,johnson,509,46.9
1968,johnson,522,47.1
1968,johnson,536,44
1968,johnson,550,49.3
1968,johnson,564,49.1
1968,johnson,577,49.7
1968,johnson,591,46.5
1968,johnson,605,46.6
1968,johnson,619,46.2
1968,johnson,632,44.1
1968,johnson,660,40.7
1968,johnson,674,39.6
1968,johnson,687,39.6
1968,johnson,701,43.3
1968,johnson,715,43.1
1968,johnson,742,41
1968,johnson,756,37.5
1968,johnson,770,37.6
1968,johnson,784,36.6
1968,johnson,797,34.8
1968,johnson,825,26.1
1968,johnson,839,28.9
1968,johnson,880,23.5
1968,johnson,894,23.6
1968,johnson,907,15.7
1968,johnson,934,17.2
1968,johnson,949,11.4
1968,johnson,976,20.9
1968,johnson,990,15.4
1968,johnson,1003,15.5
1968,johnson,1017,10.6
1968,johnson,1031,8.2
1968,johnson,1045,8.3
1968,johnson,1058,4
1968,johnson,1072,3.3
1968,johnson,1086,3.4
1968,johnson,1100,10.3
1968,johnson,1127,0.5
1968,johnson,1155,7.9
1968,johnson,1168,8.6
1968,johnson,1196,4.8
1968,johnson,1210,4.3
1968,johnson,1237,6.9
1968,johnson,1251,10.3
1968,johnson,1265,10.2
1968,johnson,1278,6.6
1968,johnson,1292,6.7
1968,johnson,1306,5.6
1968,johnson,1320,12.6
1968,johnson,1333,12.5
1968,johnson,1347,9.4
1968,johnson,1361,-1.7
1968,johnson,1375,-1.5
1968,johnson,1388,-5.2
1968,johnson,1402,-8.8
1968,johnson,1416,-8.7
1968,johnson,1430,-11.7
1968,johnson,1443,-9.1
1968,johnson,1457,-9.2
1968,johnson,1471,-5.8
1968,johnson,1485,1.5
1968,johnson,1498,1.4
1968,johnson,1512,7.7
1968,johnson,1540,-2.7
1968,johnson,1567,-5.6
1968,johnson,1581,-12.4
1968,johnson,1595,-12.2
1968,johnson,1608,4.7
1968,johnson,1636,3.4
1968,johnson,1650,-1.9
1968,johnson,1663,-1.7
1968,johnson,1677,-1.9
1968,johnson,1691,-5.5
1968,johnson,1705,-7.1
1968,johnson,1718,-7
1968,johnson,1732,-13.6
1968,johnson,1746,-13.5
1968,johnson,1760,-13.3
1968,johnson,1787,-9.5
1968,johnson,1828,-1.9
1972,nixon,14,54
1972,nixon,69,56.7
1972,nixon,82,54
1972,nixon,96,50.9
1972,nixon,110,48.8
1972,nixon,124,50.4
1972,nixon,137,48.8
1972,nixon,151,48.7
1972,nixon,165,47.9
1972,nixon,179,40.3
1972,nixon,192,41.6
1972,nixon,206,41.7
1972,nixon,220,41.9
1972,nixon,247,36.5
1972,nixon,261,35.1
1972,nixon,275,30.6
1972,nixon,302,42.7
1972,nixon,316,42.4
1972,nixon,330,38.4
1972,nixon,344,38.5
1972,nixon,357,38.9
1972,nixon,371,39.6
1972,nixon,385,39.8
1972,nixon,412,32.2
1972,nixon,426,24.8
1972,nixon,440,24.1
1972,nixon,454,24.7
1972,nixon,481,24.9
1972,nixon,495,28.3
1972,nixon,509,28.2
1972,nixon,522,24.4
1972,nixon,550,30.3
1972,nixon,564,25.4
1972,nixon,577,25.5
1972,nixon,591,24.4
1972,nixon,605,26
1972,nixon,619,22.5
1972,nixon,632,27
1972,nixon,646,26.9
1972,nixon,687,20.6
1972,nixon,701,20.7
1972,nixon,729,22.6
1972,nixon,756,22.5
1972,nixon,770,14.2
1972,nixon,784,13.6
1972,nixon,811,15.3
1972,nixon,825,16.9
1972,nixon,852,15.7
1972,nixon,866,14.1
1972,nixon,880,15.2
1972,nixon,894,13.9
1972,nixon,907,14.1
1972,nixon,934,17.1
1972,nixon,949,21.3
1972,nixon,962,17.8
1972,nixon,976,18
1972,nixon,990,17.9
1972,nixon,1003,14.8
1972,nixon,1017,14.1
1972,nixon,1058,14.6
1972,nixon,1086,13.3
1972,nixon,1113,16.3
1972,nixon,1141,25.4
1972,nixon,1155,20.7
1972,nixon,1168,20
1972,nixon,1182,20.3
1972,nixon,1196,16.9
1972,nixon,1210,20
1972,nixon,1237,27.3
1972,nixon,1251,28.9
1972,nixon,1265,26.8
1972,nixon,1278,26.4
1972,nixon,1292,26.5
1972,nixon,1320,33.5
1972,nixon,1361,31.2
1972,nixon,1375,31.1
1976,nixon,1388,32.4
1976,nixon,1402,34
1976,nixon,1416,36.5
1976,nixon,1443,33
1976,nixon,1457,20
1976,nixon,1471,34.8
1976,nixon,1485,34.9
1976,nixon,1498,42.2
1976,nixon,1512,42
1976,nixon,1540,23.9
1976,nixon,1553,23.8
1976,nixon,1567,17.4
1976,nixon,1581,5.4
1976,nixon,1595,5.6
1976,nixon,1608,3.5
1976,nixon,1622,1.7
1976,nixon,1636,-4.3
1976,nixon,1650,-4.1
1976,nixon,1663,-18.4
1976,nixon,1677,-16.2
1976,nixon,1705,-18.5
1976,nixon,1718,-21.8
1976,nixon,1732,-23.1
1976,nixon,1746,-26.6
1976,nixon,1760,-29.4
1976,nixon,1773,-29.1
1976,nixon,1787,-28.4
1976,nixon,1801,-28.5
1976,nixon,1815,-29.5
1976,nixon,1828,-34.3
1976,nixon,1842,-31.2
1976,nixon,1856,-33.1
1976,nixon,1870,-34.9
1976,nixon,1883,-34.5
1976,nixon,1897,-36.1
1976,nixon,1911,-35.6
1976,nixon,1925,-33.7
1976,nixon,1938,-32.7
1976,nixon,1952,-33.7
1976,nixon,1966,-32.6
1976,nixon,1979,-32.7
1976,nixon,1993,-31.3
1976,nixon,2007,-34.8
1976,nixon,2021,-34.6
1976,ford,14,68
1976,ford,41,42.2
1976,ford,55,31.9
1976,ford,69,27.5
1976,ford,82,26.3
1976,ford,96,20.3
1976,ford,110,18.9
1976,ford,124,10.1
1976,ford,137,9.3
1976,ford,165,0.4
1976,ford,179,-3.5
1976,ford,192,-3.6
1976,ford,206,-6.6
1976,ford,220,-7.3
1976,ford,234,-1.4
1976,ford,247,-0.6
1976,ford,261,-5.7
1976,ford,275,-5.3
1976,ford,289,-5.2
1976,ford,302,10.5
1976,ford,330,14.5
1976,ford,371,7.3
1976,ford,385,7
1976,ford,412,5.4
1976,ford,426,7.1
1976,ford,440,5.6
1976,ford,454,1.1
1976,ford,467,1.3
1976,ford,481,-4
1976,ford,495,-3.2
1976,ford,509,-3.3
1976,ford,522,-0.1
1976,ford,536,-1.5
1976,ford,550,1.2
1976,ford,577,5.5
1976,ford,591,9.8
1976,ford,605,9.7
1976,ford,619,6.9
1976,ford,632,7
1976,ford,646,7.1
1976,ford,660,6.9
1976,ford,687,4
1976,ford,852,4
1980,carter,27,58
1980,carter,41,60.6
1980,carter,55,60.8
1980,carter,69,62.8
1980,carter,82,60.6
1980,carter,96,55.9
1980,carter,110,50
1980,carter,124,46.7
1980,carter,137,45.3
1980,carter,151,45.2
1980,carter,179,41.9
1980,carter,192,46.7
1980,carter,206,42.6
1980,carter,220,46.3
1980,carter,234,46.1
1980,carter,247,30.9
1980,carter,261,33.9
1980,carter,275,29
1980,carter,289,23.7
1980,carter,302,24.5
1980,carter,316,25.3
1980,carter,330,28.1
1980,carter,344,28
1980,carter,371,25.5
1980,carter,385,25.6
1980,carter,399,19.6
1980,carter,412,16.9
1980,carter,426,16.3
1980,carter,440,12.7
1980,carter,454,1.5
1980,carter,467,0.1
1980,carter,481,-0.9
1980,carter,495,-0.4
1980,carter,509,1.6
1980,carter,522,0.6
1980,carter,536,-0.4
1980,carter,550,-3.1
1980,carter,564,-3.9
1980,carter,577,-3.3
1980,carter,591,-1.5
1980,carter,605,-0.7
1980,carter,619,7.6
1980,carter,632,7.4
1980,carter,646,6.7
1980,carter,660,11.2
1980,carter,674,14.1
1980,carter,687,15
1980,carter,701,16.2
1980,carter,715,16.1
1980,carter,729,14.6
1980,carter,742,8.7
1980,carter,756,4.6
1980,carter,770,-5.4
1980,carter,784,-7.3
1980,carter,797,-1.5
1980,carter,811,-4.4
1980,carter,825,-4.3
1980,carter,839,-9.8
1980,carter,852,-16.7
1980,carter,866,-21.2
1980,carter,880,-20.9
1980,carter,894,-28.5
1980,carter,907,-28.6
1980,carter,934,-23.3
1980,carter,949,-22.5
1980,carter,976,-16.8
1980,carter,990,-18.3
1980,carter,1003,-21.2
1980,carter,1017,-21.1
1980,carter,1031,-20.9
1980,carter,1045,-14.2
1980,carter,1058,10.7
1980,carter,1072,10.1
1980,carter,1086,19.1
1980,carter,1113,22.4
1980,carter,1127,22.3
1980,carter,1141,17.4
1980,carter,1155,7.7
1980,carter,1168,-3.5
1980,carter,1182,-7
1980,carter,1196,-6.8
1980,carter,1210,-4.4
1980,carter,1223,-8.9
1980,carter,1237,-11.1
1980,carter,1251,-17.6
1980,carter,1265,-22
1980,carter,1278,-21.2
1980,carter,1306,-21.8
1980,carter,1347,-18.1
1980,carter,1416,-23.7
1984,reagan,14,38
1984,reagan,27,37.3
1984,reagan,55,36.4
1984,reagan,82,42.5
1984,reagan,96,45.5
1984,reagan,110,45.7
1984,reagan,124,46.5
1984,reagan,151,35.3
1984,reagan,165,31.3
1984,reagan,179,31
1984,reagan,192,28.4
1984,reagan,206,29.6
1984,reagan,220,30.3
1984,reagan,234,30.2
1984,reagan,247,18.8
1984,reagan,261,20.2
1984,reagan,289,18.6
1984,reagan,302,14.1
1984,reagan,316,15.9
1984,reagan,330,10.8
1984,reagan,344,10.9
1984,reagan,357,9.5
1984,reagan,371,6.7
1984,reagan,385,5.1
1984,reagan,399,5.2
1984,reagan,412,5.3
1984,reagan,426,2
1984,reagan,440,-0.1
1984,reagan,467,-2.8
1984,reagan,481,-2.4
1984,reagan,495,-0.9
1984,reagan,509,-1
1984,reagan,522,-0.2
1984,reagan,536,-1.4
1984,reagan,550,-1.3
1984,reagan,564,-4.7
1984,reagan,577,-6.6
1984,reagan,591,-5.4
1984,reagan,605,-5.5
1984,reagan,619,-5.9
1984,reagan,646,-6
1984,reagan,674,-4.3
1984,reagan,687,-4.4
1984,reagan,701,-7
1984,reagan,729,-14.6
1984,reagan,742,-18.9
1984,reagan,756,-19
1984,reagan,770,-13.6
1984,reagan,784,-9.7
1984,reagan,811,-9.8
1984,reagan,825,-8.4
1984,reagan,839,-4.9
1984,reagan,852,-3.2
1984,reagan,866,-0.3
1984,reagan,880,-1.4
1984,reagan,894,1.1
1984,reagan,907,1
1984,reagan,934,-1.1
1984,reagan,949,-2.2
1984,reagan,962,-2.1
1984,reagan,976,3
1984,reagan,1003,1.9
1984,reagan,1017,5
1984,reagan,1031,4.9
1984,reagan,1045,13.7
1984,reagan,1058,15.3
1984,reagan,1100,14.2
1984,reagan,1113,16.7
1984,reagan,1127,17.7
1984,reagan,1141,17.6
1984,reagan,1155,15.4
1984,reagan,1182,17.3
1984,reagan,1210,15.6
1984,reagan,1223,17.9
1984,reagan,1237,20.4
1984,reagan,1251,20.3
1984,reagan,1265,17.8
1984,reagan,1278,19.1
1984,reagan,1292,17
1984,reagan,1306,16.8
1984,reagan,1320,16.8
1984,reagan,1333,19.7
1984,reagan,1347,21.1
1984,reagan,1361,20.5
1984,reagan,1375,20.6
1988,reagan,1388,23.9
1988,reagan,1402,28.2
1988,reagan,1416,31.2
1988,reagan,1430,29.2
1988,reagan,1443,29.3
1988,reagan,1457,32.1
1988,reagan,1471,34.6
1988,reagan,1498,30.9
1988,reagan,1512,23.1
1988,reagan,1526,23.3
1988,reagan,1553,17.3
1988,reagan,1581,18.5
1988,reagan,1608,23.3
1988,reagan,1622,23.1
1988,reagan,1636,22.9
1988,reagan,1650,33.6
1988,reagan,1677,31.1
1988,reagan,1691,31
1988,reagan,1705,30.7
1988,reagan,1732,33.5
1988,reagan,1760,33.9
1988,reagan,1773,37.4
1988,reagan,1787,35.2
1988,reagan,1828,37
1988,reagan,1883,37.1
1988,reagan,1911,33.4
1988,reagan,1952,43.2
1988,reagan,1966,36.6
1988,reagan,1979,37.6
1988,reagan,2007,35.7
1988,reagan,2034,34.4
1988,reagan,2062,34.5
1988,reagan,2076,36.4
1988,reagan,2103,36.3
1988,reagan,2117,34.5
1988,reagan,2158,7.1
1988,reagan,2186,7.4
1988,reagan,2213,7.1
1988,reagan,2241,-2.5
1988,reagan,2254,1
1988,reagan,2282,3.1
1988,reagan,2309,3
1988,reagan,2237,9
1988,reagan,2364,8.8
1988,reagan,2378,7.1
1988,reagan,2406,4.9
1988,reagan,2419,6.7
1988,reagan,2433,6.6
1988,reagan,2474,9.8
1988,reagan,2502,9.7
1988,reagan,2516,8.2
1988,reagan,2557,8.9
1988,reagan,2571,9
1988,reagan,2598,8.9
1988,reagan,2612,11.4
1988,reagan,2639,11.1
1988,reagan,2681,8
1988,reagan,2694,7.9
1988,reagan,2708,10.6
1988,reagan,2722,9
1988,reagan,2736,15.4
1988,reagan,2749,15.3
1988,reagan,2763,15.1
1988,reagan,2777,15.7
1988,reagan,2818,16.8
1988,reagan,2846,14
1988,reagan,2859,19.7
1988,reagan,2873,19.5
1988,reagan,2887,19.4
1992,bush,41,49.5
1992,bush,55,45.1
1992,bush,82,44.9
1992,bush,96,43.4
1992,bush,110,36.8
1992,bush,124,40
1992,bush,137,39.9
1992,bush,151,51.2
1992,bush,179,49.8
1992,bush,220,46.7
1992,bush,234,50.9
1992,bush,247,49.1
1992,bush,261,48.5
1992,bush,289,43.7
1992,bush,302,50.4
1992,bush,316,50.2
1992,bush,344,50.6
1992,bush,357,55.9
1992,bush,371,55.8
1992,bush,385,56.1
1992,bush,399,56.8
1992,bush,426,56
1992,bush,454,53.2
1992,bush,467,51.8
1992,bush,481,51.9
1992,bush,495,47.5
1992,bush,509,49.9
1992,bush,522,51
1992,bush,536,41.9
1992,bush,550,37.2
1992,bush,564,37.3
1992,bush,577,52.1
1992,bush,591,56.4
1992,bush,605,56.8
1992,bush,619,53.6
1992,bush,632,36.8
1992,bush,646,24.3
1992,bush,660,22
1992,bush,674,22.5
1992,bush,687,25.7
1992,bush,701,26.6
1992,bush,715,26.5
1992,bush,729,33.9
1992,bush,742,61.6
1992,bush,756,59.6
1992,bush,770,62.9
1992,bush,784,68.1
1992,bush,797,70.8
1992,bush,811,70.6
1992,bush,825,67.7
1992,bush,839,61.4
1992,bush,852,60.6
1992,bush,866,58.6
1992,bush,880,55.2
1992,bush,894,52.9
1992,bush,907,51.4
1992,bush,934,48.6
1992,bush,949,48.1
1992,bush,962,47
1992,bush,976,46
1992,bush,990,41.2
1992,bush,1003,39.6
1992,bush,1017,31.9
1992,bush,1031,22.9
1992,bush,1045,20.5
1992,bush,1058,14.1
1992,bush,1072,12.5
1992,bush,1086,2.9
1992,bush,1100,0.5
1992,bush,1113,-7.1
1992,bush,1127,-5.5
1992,bush,1141,-9.7
1992,bush,1155,-8.7
1992,bush,1168,-10.1
1992,bush,1182,-12.2
1992,bush,1196,-11.5
1992,bush,1210,-11.1
1992,bush,1223,-11.9
1992,bush,1237,-17.5
1992,bush,1251,-18.3
1992,bush,1292,-28.8
1992,bush,1320,-20.6
1992,bush,1333,-18.5
1992,bush,1347,-18.7
1992,bush,1361,-22
1992,bush,1375,-22.5
1992,bush,1388,-22.4
1992,bush,1402,-8.3
1992,bush,1416,-5.9
1992,bush,1430,-2.3
1992,bush,1443,-2.4
1996,clinton,14,31.5
1996,clinton,27,23.6
1996,clinton,41,28.5
1996,clinton,55,25.7
1996,clinton,69,25.8
1996,clinton,82,22.7
1996,clinton,96,21.5
1996,clinton,110,16.2
1996,clinton,124,8.4
1996,clinton,137,-9.5
1996,clinton,151,-5.9
1996,clinton,165,-2.5
1996,clinton,179,-2.7
1996,clinton,192,-3.5
1996,clinton,206,-3.9
1996,clinton,220,-2.9
1996,clinton,234,-2.4
1996,clinton,247,5.8
1996,clinton,261,5
1996,clinton,275,2.9
1996,clinton,289,3.5
1996,clinton,302,4
1996,clinton,316,4.7
1996,clinton,330,11.9
1996,clinton,344,12.5
1996,clinton,357,14.1
1996,clinton,371,20
1996,clinton,385,20.5
1996,clinton,399,17.1
1996,clinton,412,12.5
1996,clinton,426,12.4
1996,clinton,454,12.5
1996,clinton,467,23
1996,clinton,481,11.2
1996,clinton,495,11.1
1996,clinton,509,6.7
1996,clinton,522,7
1996,clinton,536,2.6
1996,clinton,564,3.7
1996,clinton,577,-3.8
1996,clinton,591,-5.5
1996,clinton,605,-7.1
1996,clinton,619,-6.7
1996,clinton,632,-4.7
1996,clinton,646,-2.3
1996,clinton,660,-3.3
1996,clinton,674,-3.7
1996,clinton,687,-3.6
1996,clinton,701,-4.7
1996,clinton,715,-2.8
1996,clinton,729,1.3
1996,clinton,742,2.6
1996,clinton,756,4
1996,clinton,770,0.4
1996,clinton,784,2.3
1996,clinton,797,3.3
1996,clinton,811,0.8
1996,clinton,825,9.1
1996,clinton,839,9.3
1996,clinton,852,13
1996,clinton,866,8.6
1996,clinton,880,5.8
1996,clinton,894,7.1
1996,clinton,907,6.1
1996,clinton,934,4
1996,clinton,949,6.4
1996,clinton,962,5
1996,clinton,976,3.9
1996,clinton,990,6.7
1996,clinton,1003,6.1
1996,clinton,1017,5.6
1996,clinton,1031,8.5
1996,clinton,1045,11.1
1996,clinton,1058,12.8
1996,clinton,1072,11
1996,clinton,1086,6.7
1996,clinton,1100,6
1996,clinton,1113,6.3
1996,clinton,1141,11.4
1996,clinton,1155,12
1996,clinton,1168,12.3
1996,clinton,1182,14.8
1996,clinton,1196,16.7
1996,clinton,1210,14.1
1996,clinton,1223,16.9
1996,clinton,1237,15.9
1996,clinton,1251,17.4
1996,clinton,1265,14.2
1996,clinton,1278,20
1996,clinton,1292,21.1
1996,clinton,1306,17.1
1996,clinton,1320,19.2
1996,clinton,1333,26
1996,clinton,1347,24.7
1996,clinton,1361,26.6
1996,clinton,1375,23.5
2000,clinton,1388,20.3
2000,clinton,1402,20.7
2000,clinton,1416,24.1
2000,clinton,1430,26.3
2000,clinton,1457,27.6
2000,clinton,1471,26.5
2000,clinton,1485,28.9
2000,clinton,1498,27.7
2000,clinton,1512,23.5
2000,clinton,1526,24.3
2000,clinton,1540,23.1
2000,clinton,1553,20.4
2000,clinton,1567,19.5
2000,clinton,1581,22.8
2000,clinton,1595,22.6
2000,clinton,1608,23.4
2000,clinton,1622,21.4
2000,clinton,1636,24.7
2000,clinton,1650,22
2000,clinton,1663,26.5
2000,clinton,1677,29.1
2000,clinton,1691,25.4
2000,clinton,1705,29.5
2000,clinton,1718,25.7
2000,clinton,1732,23.8
2000,clinton,1746,24.5
2000,clinton,1760,26.2
2000,clinton,1773,28.4
2000,clinton,1787,26.9
2000,clinton,1801,25.6
2000,clinton,1815,27
2000,clinton,1828,26.3
2000,clinton,1842,41.7
2000,clinton,1856,38.3
2000,clinton,1870,36.3
2000,clinton,1883,34.1
2000,clinton,1897,36.5
2000,clinton,1911,37.3
2000,clinton,1925,36.5
2000,clinton,1938,34.5
2000,clinton,1952,32.4
2000,clinton,1966,29.6
2000,clinton,1979,30.9
2000,clinton,1993,30
2000,clinton,2007,29.3
2000,clinton,2021,32.3
2000,clinton,2034,32.7
2000,clinton,2048,31.7
2000,clinton,2062,27.5
2000,clinton,2076,27.7
2000,clinton,2089,29.4
2000,clinton,2103,28.3
2000,clinton,2117,31
2000,clinton,2131,38.7
2000,clinton,2144,35.9
2000,clinton,2158,32.4
2000,clinton,2172,36.8
2000,clinton,2186,33.1
2000,clinton,2199,35
2000,clinton,2213,34.9
2000,clinton,2227,33.8
2000,clinton,2241,32.5
2000,clinton,2254,27.6
2000,clinton,2268,24.9
2000,clinton,2282,21.5
2000,clinton,2296,20.7
2000,clinton,2309,20.6
2000,clinton,2323,16.7
2000,clinton,2337,18.8
2000,clinton,2351,17.8
2000,clinton,2364,17.9
2000,clinton,2378,24.5
2000,clinton,2392,24.7
2000,clinton,2406,20.6
2000,clinton,2419,21.8
2000,clinton,2433,20
2000,clinton,2447,21.5
2000,clinton,2461,21.4
2000,clinton,2474,19.6
2000,clinton,2488,20.3
2000,clinton,2502,21.5
2000,clinton,2516,21.9
2000,clinton,2529,19.6
2000,clinton,2543,21.9
2000,clinton,2557,23.7
2000,clinton,2571,27.6
2000,clinton,2584,26
2000,clinton,2598,25.3
2000,clinton,2612,27.5
2000,clinton,2626,24.9
2000,clinton,2639,26.4
2000,clinton,2653,23.5
2000,clinton,2667,18.5
2000,clinton,2681,20.3
2000,clinton,2694,21.2
2000,clinton,2708,18.6
2000,clinton,2722,20.3
2000,clinton,2736,20.6
2000,clinton,2763,18
2000,clinton,2777,22.3
2000,clinton,2804,25.9
2000,clinton,2818,22.8
2000,clinton,2832,23.7
2000,clinton,2846,21.6
2000,clinton,2859,23.9
2000,clinton,2873,25.4
2000,clinton,2887,31.9
2000,clinton,2901,32.1
2000,clinton,2914,29.8
2004,bush,14,32
2004,bush,27,31.1
2004,bush,41,34.8
2004,bush,55,31.4
2004,bush,69,23
2004,bush,82,22.7
2004,bush,96,27.3
2004,bush,110,26.1
2004,bush,124,21.3
2004,bush,137,20.3
2004,bush,151,16.6
2004,bush,165,16.2
2004,bush,179,20.2
2004,bush,192,21.1
2004,bush,206,20.1
2004,bush,220,19.8
2004,bush,234,14.7
2004,bush,247,71.7
2004,bush,261,71.3
2004,bush,275,74.3
2004,bush,289,71.9
2004,bush,302,74.2
2004,bush,316,74.5
2004,bush,330,71.4
2004,bush,344,68.9
2004,bush,357,70.1
2004,bush,371,66.6
2004,bush,385,64
2004,bush,399,64.6
2004,bush,412,59.3
2004,bush,426,55.5
2004,bush,440,58.3
2004,bush,454,57.1
2004,bush,467,54.1
2004,bush,481,52.2
2004,bush,495,56.3
2004,bush,509,51.7
2004,bush,522,50
2004,bush,536,46.8
2004,bush,550,40.5
2004,bush,564,40.6
2004,bush,577,38.2
2004,bush,591,36
2004,bush,605,37.5
2004,bush,619,35.6
2004,bush,632,33.4
2004,bush,646,29.8
2004,bush,660,33.1
2004,bush,674,35.1
2004,bush,687,33.8
2004,bush,701,32.4
2004,bush,715,27
2004,bush,729,21.3
2004,bush,742,19.3
2004,bush,756,22.2
2004,bush,770,17.3
2004,bush,784,18.7
2004,bush,797,38.4
2004,bush,811,43.5
2004,bush,825,39.6
2004,bush,839,37.5
2004,bush,852,34.1
2004,bush,866,32.5
2004,bush,880,31.4
2004,bush,894,27.4
2004,bush,907,23.7
2004,bush,934,19.7
2004,bush,949,17.1
2004,bush,962,13.6
2004,bush,976,9
2004,bush,990,7.7
2004,bush,1003,8.3
2004,bush,1017,9.4
2004,bush,1031,7.5
2004,bush,1045,11.5
2004,bush,1058,11.4
2004,bush,1072,17.8
2004,bush,1086,19.3
2004,bush,1100,13.1
2004,bush,1113,8.4
2004,bush,1127,5.2
2004,bush,1141,4.4
2004,bush,1155,3.9
2004,bush,1168,3.6
2004,bush,1182,1.8
2004,bush,1196,2
2004,bush,1210,-3.5
2004,bush,1223,-5.3
2004,bush,1237,-2.1
2004,bush,1251,-0.4
2004,bush,1265,-3.4
2004,bush,1278,-2.7
2004,bush,1292,-4.8
2004,bush,1306,-1.1
2004,bush,1320,0.5
2004,bush,1333,3.5
2004,bush,1347,2.3
2004,bush,1361,-0.8
2004,bush,1375,0.3
2008,bush,1388,1.5
2008,bush,1402,5.3
2008,bush,1416,3.6
2008,bush,1430,2.2
2008,bush,1443,2.4
2008,bush,1457,4.6
2008,bush,1471,5.4
2008,bush,1485,4.2
2008,bush,1498,2.7
2008,bush,1512,3
2008,bush,1526,-0.7
2008,bush,1540,0
2008,bush,1553,-1.8
2008,bush,1567,-0.8
2008,bush,1581,-3.7
2008,bush,1595,-3.3
2008,bush,1608,-6.1
2008,bush,1622,-5
2008,bush,1636,-2.4
2008,bush,1650,-5.1
2008,bush,1663,-4.8
2008,bush,1677,-11.5
2008,bush,1691,-11
2008,bush,1705,-11.9
2008,bush,1718,-11.1
2008,bush,1732,-15.1
2008,bush,1746,-17.2
2008,bush,1760,-22.1
2008,bush,1773,-16.5
2008,bush,1787,-14.3
2008,bush,1801,-11.5
2008,bush,1815,-11.8
2008,bush,1828,-12.4
2008,bush,1842,-13.2
2008,bush,1856,-12.8
2008,bush,1883,-21.7
2008,bush,1897,-19.2
2008,bush,1911,-22.1
2008,bush,1925,-23.1
2008,bush,1938,-29.9
2008,bush,1952,-23.8
2008,bush,1966,-26.3
2008,bush,1979,-18.5
2008,bush,1993,-18.2
2008,bush,2007,-19.9
2008,bush,2021,-19.1
2008,bush,2034,-21.8
2008,bush,2048,-19.5
2008,bush,2062,-15.6
2008,bush,2076,-13.9
2008,bush,2089,-21.1
2008,bush,2103,-20.4
2008,bush,2117,-19.6
2008,bush,2131,-23.5
2008,bush,2144,-20.3
2008,bush,2158,-24.7
2008,bush,2172,-22.1
2008,bush,2186,-25.7
2008,bush,2199,-28
2008,bush,2213,-26.9
2008,bush,2227,-23.8
2008,bush,2241,-25.3
2008,bush,2254,-26.6
2008,bush,2268,-26
2008,bush,2282,-26.2
2008,bush,2296,-28.9
2008,bush,2309,-26.9
2008,bush,2323,-28.1
2008,bush,2337,-33
2008,bush,2351,-34.6
2008,bush,2364,-37.5
2008,bush,2378,-33
2008,bush,2392,-30.9
2008,bush,2406,-31.7
2008,bush,2419,-29
2008,bush,2433,-29.6
2008,bush,2447,-28.7
2008,bush,2461,-29.9
2008,bush,2474,-28.8
2008,bush,2488,-27.1
2008,bush,2502,-28.7
2008,bush,2516,-30.2
2008,bush,2529,-28.4
2008,bush,2543,-30.2
2008,bush,2557,-27.6
2008,bush,2571,-29.9
2008,bush,2584,-30.8
2008,bush,2598,-31.1
2008,bush,2612,-33
2008,bush,2626,-32.7
2008,bush,2639,-36.6
2008,bush,2653,-35.8
2008,bush,2667,-40.4
2008,bush,2681,-36.1
2008,bush,2694,-35.6
2008,bush,2708,-39.7
2008,bush,2722,-37.4
2008,bush,2736,-36.5
2008,bush,2749,-37.7
2008,bush,2763,-37.6
2008,bush,2777,-37.8
2008,bush,2791,-35
2008,bush,2804,-41.9
2008,bush,2818,-47.2
2008,bush,2832,-45.2
2008,bush,2846,-46.4
2008,bush,2859,-42.5
2008,bush,2873,-43.4
2008,bush,2887,-40.8
2008,bush,2901,-42.8
2008,bush,2914,-39.4
2012,obama,14,34.8
2012,obama,27,43.5
2012,obama,41,37.3
2012,obama,55,32.5
2012,obama,69,32.8
2012,obama,82,33
2012,obama,96,32.7
2012,obama,110,33.7
2012,obama,124,32.7
2012,obama,137,30.6
2012,obama,151,28.8
2012,obama,165,26.7
2012,obama,179,20.3
2012,obama,192,18.1
2012,obama,206,16
2012,obama,220,14.1
2012,obama,234,12
2012,obama,247,16
2012,obama,261,14.5
2012,obama,275,15.5
2012,obama,289,11.6
2012,obama,302,10.6
2012,obama,316,9.6
2012,obama,330,8.2
2012,obama,344,10.9
2012,obama,357,5.3
2012,obama,371,7.5
2012,obama,385,6
2012,obama,399,7.5
2012,obama,426,2.6
2012,obama,440,6.6
2012,obama,454,6.3
2012,obama,467,5.1
2012,obama,481,7.3
2012,obama,495,6
2012,obama,509,4.7
2012,obama,522,1.2
2012,obama,536,2
2012,obama,550,2.3
2012,obama,564,1.8
2012,obama,577,-0.6
2012,obama,591,-0.4
2012,obama,605,-0.1
2012,obama,619,1.3
2012,obama,632,0.8
2012,obama,646,0
2012,obama,660,-2
2012,obama,674,-1.2
2012,obama,687,-1.9
2012,obama,701,-1.6
2012,obama,715,2.6
2012,obama,729,7.4
2012,obama,742,5.3
2012,obama,756,7.1
2012,obama,770,4.4
2012,obama,784,3.3
2012,obama,797,4.3
2012,obama,811,1.1
2012,obama,825,-1.9
2012,obama,839,7.7
2012,obama,852,9
2012,obama,866,6.7
2012,obama,880,3
2012,obama,894,1.3
2012,obama,907,1
2012,obama,934,-3.5
2012,obama,949,-6.6
2012,obama,962,-6.3
2012,obama,976,-7.5
2012,obama,990,-5.8
2012,obama,1003,-5.6
2012,obama,1017,-2.8
2012,obama,1031,-3.3
2012,obama,1045,-5.4
2012,obama,1058,-2.5
2012,obama,1072,-0.3
2012,obama,1086,-1.9
2012,obama,1100,-2.1
2012,obama,1113,2.4
2012,obama,1127,0.9
2012,obama,1141,3.3
2012,obama,1155,3
2012,obama,1168,4.4
2012,obama,1182,0.2
2012,obama,1196,2.1
2012,obama,1210,3.3
2012,obama,1223,1.6
2012,obama,1237,1.9
2012,obama,1251,1.2
2012,obama,1265,2.2
2012,obama,1278,1.1
2012,obama,1292,1.5
2012,obama,1306,2.1
2012,obama,1320,2.5
2012,obama,1333,5.1
2012,obama,1347,4.5
2012,obama,1361,4.3
2012,obama,1375,4.7
2016,obama,1388,6.3
2016,obama,1402,10.5
2016,obama,1416,12.3
2016,obama,1430,11.8
2016,obama,1443,15.2
2016,obama,1457,11
2016,obama,1471,10.6
2016,obama,1485,9.7
2016,obama,1498,9
2016,obama,1512,3.9
2016,obama,1526,2.9
2016,obama,1540,3.7
2016,obama,1553,6.8
2016,obama,1567,6.1
2016,obama,1595,2.9
2016,obama,1608,-0.8
2016,obama,1622,-1.3
2016,obama,1636,0.1
2016,obama,1650,-0.6
2016,obama,1663,-1
2016,obama,1677,-1.1
2016,obama,1691,-4.8
2016,obama,1705,-3.9
2016,obama,1718,-3.6
2016,obama,1732,-4.3
2016,obama,1746,-3.8
2016,obama,1760,-10.8
2016,obama,1773,-12
2016,obama,1787,-10.2
2016,obama,1801,-8.7
2016,obama,1815,-6.6
2016,obama,1828,-6.7
2016,obama,1842,-3.9
2016,obama,1856,-4.7
2016,obama,1870,-3.5
2016,obama,1883,-6.4
2016,obama,1897,-5.5
2016,obama,1911,-5.2
2016,obama,1925,-6.5
2016,obama,1938,-4.4
2016,obama,1952,-5.7
2016,obama,1966,-5.9
2016,obama,1979,-9.7
2016,obama,1993,-5.3
2016,obama,2007,-8.2
2016,obama,2021,-8.5
2016,obama,2034,-7.4
2016,obama,2048,-6.5
2016,obama,2062,-10.2
2016,obama,2076,-7.4
2016,obama,2089,-7.8
2016,obama,2103,-8.3
2016,obama,2117,-7.8
2016,obama,2131,-5.7
2016,obama,2144,-7.4
2016,obama,2158,-7.9
2016,obama,2172,-3.3
2016,obama,2186,-4.1
2016,obama,2199,-1.8
2016,obama,2213,-0.7
2016,obama,2227,-1.1
2016,obama,2241,-1.7
2016,obama,2254,-1
2016,obama,2268,-2.2
2016,obama,2282,-2.3
2016,obama,2296,-1.3
2016,obama,2309,-1.4
2016,obama,2323,-2.1
2016,obama,2337,-0.9
2016,obama,2351,0.8
2016,obama,2364,0.1
2016,obama,2378,-1
2016,obama,2392,-1.9
2016,obama,2406,-2.6
2016,obama,2419,-2.3
2016,obama,2433,-0.4
2016,obama,2447,-2.3
2016,obama,2461,-3.7
2016,obama,2474,-2.5
2016,obama,2488,-2.9
2016,obama,2502,-5.7
2016,obama,2516,-5.5
2016,obama,2529,-5.9
2016,obama,2543,-3.2
2016,obama,2557,-0.9
2016,obama,2571,0.6
2016,obama,2584,-2
2016,obama,2598,0.9
2016,obama,2612,3.2
2016,obama,2626,4.2
2016,obama,2639,2.9
2016,obama,2653,3.9
2016,obama,2667,5.4
2016,obama,2681,3.2
2016,obama,2694,5.5
2016,obama,2708,6.8
2016,obama,2722,4.5
2016,obama,2736,5.4
2016,obama,2749,5.7
2016,obama,2763,9.7
2016,obama,2777,7.1
2016,obama,2791,6.9
2016,obama,2804,6.6
2016,obama,2818,7.8
2016,obama,2832,9.3
2016,obama,2846,9.7
2016,obama,2859,13.4
2016,obama,2873,13.7
2016,obama,2887,14.3
2016,obama,2901,14.6
2016,obama,2914,14.7
2020,trump,14,-4.2
2020,trump,27,-8.8
2020,trump,41,-8.1
2020,trump,55,-9.5
2020,trump,69,-15.7
2020,trump,82,-13.1
2020,trump,96,-11.4
2020,trump,110,-13.4
2020,trump,124,-19.2
2020,trump,137,-18.3
2020,trump,151,-19.4
2020,trump,165,-18.5
2020,trump,179,-18.8
2020,trump,192,-22.1
2020,trump,206,-19.7
2020,trump,220,-22.5
2020,trump,234,-15.2
2020,trump,247,-14.4
2020,trump,261,-20
2020,trump,275,-22.1
2020,trump,289,-20.1
2020,trump,302,-19.1
2020,trump,316,-21.4
2020,trump,330,-22.8
2020,trump,344,-22.1
2020,trump,357,-15.4
2020,trump,371,-17
2020,trump,385,-15.7
2020,trump,399,-17.6
2020,trump,412,-13.9
2020,trump,426,-14.3
2020,trump,440,-17.4
2020,trump,454,-15.4
2020,trump,467,-12.5
2020,trump,481,-11.5
2020,trump,495,-13.3
2020,trump,509,-12.4
2020,trump,522,-11.3
2020,trump,536,-12
2020,trump,550,-13.1
2020,trump,564,-11.3
2020,trump,577,-12.2
2020,trump,591,-14.6
2020,trump,605,-16.2
2020,trump,619,-13.2
2020,trump,632,-12
2020,trump,646,-13.1
2020,trump,660,-12.5
2020,trump,674,-13.2
2020,trump,687,-11.5
2020,trump,701,-13.3
2020,trump,715,-13.6
2020,trump,729,-16.5
2020,trump,742,-18
2020,trump,756,-11.7
2020,trump,770,-12.5
2020,trump,784,-13.7
2020,trump,797,-12.6
2020,trump,811,-11.3
2020,trump,825,-13.5
2020,trump,839,-10.1
2020,trump,852,-14
2020,trump,866,-12.7
2020,trump,880,-11.8
2020,trump,894,-10.1
2020,trump,907,-9.7
2020,trump,934,-12.7
2020,trump,949,-14.7
2020,trump,976,-14.2
2020,trump,990,-15.6
2020,trump,1003,-16.4
2020,trump,1017,-15.6
2020,trump,1031,-13.9
2020,trump,1045,-12.9
2020,trump,1058,-11
2020,trump,1072,-10.9
2020,trump,1086,-11.6
2020,trump,1100,-10.2
2020,trump,1113,-9.2
2020,trump,1127,-9.3
2020,trump,1141,-11
2020,trump,1155,-9.5
2020,trump,1168,-4.1
2020,trump,1182,-8.3
2020,trump,1196,-6.8
2020,trump,1210,-7.1
2020,trump,1223,-10.9
2020,trump,1237,-14.3
2020,trump,1251,-15.1
2020,trump,1265,-16
2020,trump,1278,-16.6
2020,trump,1292,-14.6
2020,trump,1306,-12.2
2020,trump,1320,-11
2020,trump,1333,-10.8
2020,trump,1347,-10.2
2020,trump,1361,-11.3
2020,trump,1375,-10.7
2020,trump,1388,-8
2020,trump,1402,-7.6
2020,trump,1416,-11.3
2020,trump,1430,-11.4
2020,trump,1443,-10.9
2020,trump,1457,-19.9
