state,e_day_mu,e_day_sigma,run_date
Alabama,-0.6773291254361938,0.1755611620290673,2024-05-01
Alaska,-0.369450152132795,0.16562489537152736,2024-05-01
Arizona,-0.1437986597623792,0.1586271729134334,2024-05-01
Arkansas,-0.7257130295460867,0.1844471529897211,2024-05-01
California,0.5024898677613203,0.17044160523602372,2024-05-01
Colorado,0.11130019485036288,0.15863404479513085,2024-05-01
Connecticut,0.25839385655575575,0.16386647487063233,2024-05-01
Delaware,0.23973696151040505,0.16328250744378944,2024-05-01
District of Columbia,2.5523306666659336,0.6899185701532545,2024-05-01
Florida,-0.17472294457324458,0.16836831635917637,2024-05-01
Georgia,-0.14238886187518865,0.16100980065292708,2024-05-01
Hawaii,0.5248650433985063,0.16960264781813675,2024-05-01
Idaho,-0.8362025837525251,0.19399080629406645,2024-05-01
Illinois,0.2327098428355659,0.1609418205634096,2024-05-01
Indiana,-0.48130452633383536,0.17252327052362731,2024-05-01
Iowa,-0.3045093918132411,0.16705594837881854,2024-05-01
Kansas,-0.4674229608527657,0.16891664768838155,2024-05-01
Kentucky,-0.7106372523119047,0.18415203101612965,2024-05-01
Louisiana,-0.5296980669758519,0.16957112181162637,2024-05-01
Maine,0.03488596735933814,0.15742028117572393,2024-05-01
Maine 1,0.3234106650043092,0.16441392978657177,2024-05-01
Maine 2,-0.29727996769281256,0.1637074660419356,2024-05-01
Maryland,0.5440011288698581,0.1731826185753794,2024-05-01
Massachusetts,0.5598948981342098,0.1742969062536595,2024-05-01
Michigan,-0.0804848257832025,0.16016185132118657,2024-05-01
Minnesota,-0.00330507447604641,0.16457520360470404,2024-05-01
Mississippi,-0.4698840475705715,0.1662269348725061,2024-05-01
Missouri,-0.47073900688430736,0.16820299427023855,2024-05-01
Montana,-0.500522830782086,0.17527963259368728,2024-05-01
Nebraska,-0.5673181983587348,0.171044763287146,2024-05-01
Nebraska 1,-0.47505615508023424,0.17225953975260905,2024-05-01
Nebraska 2,-0.02862623140261202,0.1576220630892787,2024-05-01
Nebraska 3,-1.4522704743308206,0.2706075213531108,2024-05-01
Nevada,-0.07095563762938589,0.16007187733909786,2024-05-01
New Hampshire,-0.00815312810900145,0.15798702886386784,2024-05-01
New Jersey,0.194782312417018,0.1644571836582572,2024-05-01
New Mexico,0.08701931181236373,0.1588301675793253,2024-05-01
New York,0.355060095854341,0.16392596417493877,2024-05-01
North Carolina,-0.1630944246310755,0.16348049436406784,2024-05-01
North Dakota,-0.9062477688016192,0.19251678420862536,2024-05-01
Ohio,-0.29215846333600737,0.16609443373478797,2024-05-01
Oklahoma,-0.8891421095561958,0.19550071081122047,2024-05-01
Oregon,0.18909376068482328,0.1650498244052507,2024-05-01
Pennsylvania,-0.10506636078895391,0.1614701083697029,2024-05-01
Rhode Island,0.291105430715514,0.16781092548811163,2024-05-01
South Carolina,-0.38352439727804977,0.16641184358847652,2024-05-01
South Dakota,-0.7183135166741806,0.18089494625078636,2024-05-01
Tennessee,-0.6413638442820838,0.17975078876868283,2024-05-01
Texas,-0.25689838522519287,0.1609084025788336,2024-05-01
Utah,-0.5919939830407678,0.17633047561113602,2024-05-01
Vermont,0.6005246821892483,0.17555683995908616,2024-05-01
Virginia,0.0626605681293427,0.16228044735613806,2024-05-01
Washington,0.2678294699623173,0.16615359837484697,2024-05-01
West Virginia,-1.0283679887682051,0.20713427241495633,2024-05-01
Wisconsin,-0.11932034697325156,0.16100634267069466,2024-05-01
Wyoming,-1.1956576274576438,0.22676933186738463,2024-05-01
Alabama,-0.6777051848106411,0.17581966187226272,2024-05-02
Alaska,-0.3697913446490661,0.16585055772628482,2024-05-02
Arizona,-0.14412607515379086,0.15884328684836038,2024-05-02
Arkansas,-0.7260986201419349,0.18473338145910675,2024-05-02
California,0.5021541321679233,0.17063799672652444,2024-05-02
Colorado,0.11097791135348488,0.15884903044050896,2024-05-02
Connecticut,0.2580696009305546,0.1640767006401096,2024-05-02
Delaware,0.2394131535107264,0.16348723919525862,2024-05-02
District of Columbia,2.551345294090754,0.690234669942653,2024-05-02
Florida,-0.17505202514121085,0.168585877532874,2024-05-02
Georgia,-0.14271621613057503,0.1612240990549578,2024-05-02
Hawaii,0.5245286337515093,0.16981354191017378,2024-05-02
Idaho,-0.8366073493069083,0.19428455792224456,2024-05-02
Illinois,0.23238636545668245,0.16114575308423854,2024-05-02
Indiana,-0.4816570334937356,0.1727771728075874,2024-05-02
Iowa,-0.30484615865173387,0.16728500591982162,2024-05-02
Kansas,-0.4677735086965143,0.16916090373857018,2024-05-02
Kentucky,-0.7110191581854467,0.1844163033510818,2024-05-02
Louisiana,-0.5300550224291298,0.1698188139440972,2024-05-02
Maine,0.03456336211440488,0.15763923885059847,2024-05-02
Maine 1,0.3230846740555216,0.1646272752215882,2024-05-02
Maine 2,-0.29761616749580305,0.16394277588988934,2024-05-02
Maryland,0.5436642685535017,0.17341298621645235,2024-05-02
Massachusetts,0.5595554359247894,0.17449822335519932,2024-05-02
Michigan,-0.08080984841545638,0.160366845731941,2024-05-02
Minnesota,-0.00362825080269643,0.16478737151955497,2024-05-02
Mississippi,-0.47023428465206174,0.1664636120722495,2024-05-02
Missouri,-0.4710900859787508,0.16845233081970987,2024-05-02
Montana,-0.5008769987825853,0.1755178243012277,2024-05-02
Nebraska,-0.5676801864890744,0.1713029202949335,2024-05-02
Nebraska 1,-0.4754074958291125,0.17249828884840282,2024-05-02
Nebraska 2,-0.02894987788526989,0.1578324040378546,2024-05-02
Nebraska 3,-1.45286657547514,0.27108219883573076,2024-05-02
Nevada,-0.07128047964692294,0.16028874541899027,2024-05-02
New Hampshire,-0.00847637765039054,0.15818687715796134,2024-05-02
New Jersey,0.1944590657807212,0.1646531879691616,2024-05-02
New Mexico,0.08669677935045308,0.15902948372528036,2024-05-02
New York,0.3547327652530321,0.16413558979942408,2024-05-02
North Carolina,-0.16342261957139073,0.16369286763694615,2024-05-02
North Dakota,-0.9066657957050368,0.19282198920998797,2024-05-02
Ohio,-0.29249395041796816,0.16631233258369163,2024-05-02
Oklahoma,-0.8895572721104739,0.19580558989207864,2024-05-02
Oregon,0.1887710720902865,0.16525858822383663,2024-05-02
Pennsylvania,-0.105392373271861,0.16168393017834592,2024-05-02
Rhode Island,0.29078006378974747,0.1680118273068857,2024-05-02
South Carolina,-0.38386671026647673,0.16663937116117336,2024-05-02
South Dakota,-0.7186967251728633,0.18116992995010084,2024-05-02
Tennessee,-0.6417347749021814,0.17999812355550177,2024-05-02
Texas,-0.25723151670470173,0.1611308655518746,2024-05-02
Utah,-0.5923589038960502,0.1765803590399982,2024-05-02
Vermont,0.6001828494540201,0.1757754809458553,2024-05-02
Virginia,0.06233792903632501,0.1624903542463037,2024-05-02
Washington,0.26750530468643713,0.16635932075296758,2024-05-02
West Virginia,-1.0288163253187748,0.20747733598525064,2024-05-02
Wisconsin,-0.11964693263723332,0.16122746165566912,2024-05-02
Wyoming,-1.1961525134388378,0.2271419204256911,2024-05-02
Alabama,-0.6780695090311216,0.17449636594909965,2024-05-03
Alaska,-0.37016040043990545,0.16462568352811283,2024-05-03
Arizona,-0.14450632819122844,0.15762559915057436,2024-05-03
Arkansas,-0.726450675951979,0.1832427349588976,2024-05-03
California,0.5016843900360533,0.169391861316908,2024-05-03
Colorado,0.11057288706560772,0.1575799969347681,2024-05-03
Connecticut,0.25764338159630834,0.16279567626201613,2024-05-03
Delaware,0.23899006258537617,0.16225202410405012,2024-05-03
District of Columbia,2.5490331506804287,0.6848562945769815,2024-05-03
Florida,-0.17543071251174744,0.16736931190428544,2024-05-03
Georgia,-0.1430970262778457,0.16000954321453054,2024-05-03
Hawaii,0.5240495225745276,0.16847990099776583,2024-05-03
Idaho,-0.83696146430163,0.1928078901566301,2024-05-03
Illinois,0.2319639785476567,0.1599231817914357,2024-05-03
Indiana,-0.48201822419444645,0.1714108338006078,2024-05-03
Iowa,-0.3052157263611861,0.16602588011800656,2024-05-03
Kansas,-0.46813818856568734,0.16786156343942496,2024-05-03
Kentucky,-0.7113794917882955,0.18306338543773035,2024-05-03
Louisiana,-0.5304196378217482,0.16851343067931962,2024-05-03
Maine,0.03416645288786359,0.15637396148265262,2024-05-03
Maine 1,0.32264673180208076,0.16332509203053924,2024-05-03
Maine 2,-0.2979856573228149,0.16263581531473026,2024-05-03
Maryland,0.5431749135289066,0.17195888798823447,2024-05-03
Massachusetts,0.5590714213285317,0.17323287516837252,2024-05-03
Michigan,-0.08119664118429613,0.1592039838681771,2024-05-03
Minnesota,-0.00402225787381318,0.16355427228016373,2024-05-03
Mississippi,-0.4706014894700717,0.16520814207886322,2024-05-03
Missouri,-0.47145252924302944,0.16710232193479566,2024-05-03
Montana,-0.5012401741378097,0.17425340955737426,2024-05-03
Nebraska,-0.5680395798968522,0.16992140143050186,2024-05-03
Nebraska 1,-0.47577172895555975,0.17121384317436916,2024-05-03
Nebraska 2,-0.02934052211452789,0.1566211139629064,2024-05-03
Nebraska 3,-1.453183341025204,0.26908105707921165,2024-05-03
Nevada,-0.07166743076146452,0.1590606177154353,2024-05-03
New Hampshire,-0.00886869604208484,0.15704921674980712,2024-05-03
New Jersey,0.19404423586987837,0.16350603332490032,2024-05-03
New Mexico,0.08629608166503204,0.1578827803173447,2024-05-03
New York,0.35429056088534805,0.16285510862698352,2024-05-03
North Carolina,-0.16380306199709646,0.162505369564539,2024-05-03
North Dakota,-0.9070209414979936,0.19129076722594504,2024-05-03
Ohio,-0.2928665307451663,0.16512629134979595,2024-05-03
Oklahoma,-0.8899094709280265,0.1942671863288107,2024-05-03
Oregon,0.1883536686038111,0.16401632892123022,2024-05-03
Pennsylvania,-0.1057756683326725,0.16046586594049836,2024-05-03
Rhode Island,0.2903496322002661,0.1668025904049018,2024-05-03
South Carolina,-0.3842359495954023,0.16540638151180154,2024-05-03
South Dakota,-0.7190557157069425,0.17975424885117833,2024-05-03
Tennessee,-0.642099902895283,0.1787208832269127,2024-05-03
Texas,-0.25760571367212487,0.1599010657417138,2024-05-03
Utah,-0.5927207893289617,0.1752719057168469,2024-05-03
Vermont,0.5996823557711797,0.17437355059295723,2024-05-03
Virginia,0.06193870965740095,0.16126969879672876,2024-05-03
Washington,0.2670754805202491,0.16511175258622765,2024-05-03
West Virginia,-1.0291602000192204,0.20580058098040613,2024-05-03
Wisconsin,-0.1200293737369458,0.15998452536266605,2024-05-03
Wyoming,-1.196498325333901,0.22541216232731537,2024-05-03
Alabama,-0.679217972634337,0.1736603067780862,2024-05-04
Alaska,-0.37124184799842747,0.16382260922435096,2024-05-04
Arizona,-0.14557090966397232,0.1568098122216224,2024-05-04
Arkansas,-0.7276054836144388,0.1822823915389038,2024-05-04
California,0.5005109827008732,0.1685089536308364,2024-05-04
Colorado,0.10949342600629355,0.15670683737058447,2024-05-04
Connecticut,0.25653814580363826,0.16190002930428973,2024-05-04
Delaware,0.2378889052144274,0.1613943565554137,2024-05-04
District of Columbia,2.5485272575255946,0.6996669165031574,2024-05-04
Florida,-0.1764969444208609,0.16655514836664417,2024-05-04
Georgia,-0.14416207215971238,0.159192742978179,2024-05-04
Hawaii,0.5228649445657366,0.16753392446755402,2024-05-04
Idaho,-0.8381579963392649,0.19188003570254117,2024-05-04
Illinois,0.23086423993738556,0.1590780699916631,2024-05-04
Indiana,-0.4831146297241478,0.17051328824527978,2024-05-04
Iowa,-0.306288427330823,0.16519113392206644,2024-05-04
Kansas,-0.46923416594097744,0.16701727356523005,2024-05-04
Kentucky,-0.7125356926359426,0.18220615757394687,2024-05-04
Louisiana,-0.5315289434546585,0.1676712053728027,2024-05-04
Maine,0.03309474664052804,0.15551275085615957,2024-05-04
Maine 1,0.32152586662052896,0.1624141246424614,2024-05-04
Maine 2,-0.2990570347962651,0.1617632692619509,2024-05-04
Maryland,0.5419785876040771,0.1709220183494634,2024-05-04
Massachusetts,0.5578757279944878,0.17234056028237682,2024-05-04
Michigan,-0.08226299778068122,0.1584237263987505,2024-05-04
Minnesota,-0.00509228967802724,0.16271193664925152,2024-05-04
Mississippi,-0.4716997034419992,0.1643964410091165,2024-05-04
Missouri,-0.47254728836934407,0.16621415457703886,2024-05-04
Montana,-0.5023422374227732,0.17343327993649504,2024-05-04
Nebraska,-0.5691537104791562,0.16901934348377362,2024-05-04
Nebraska 1,-0.4768689223840521,0.17037347687599214,2024-05-04
Nebraska 2,-0.03040790098802678,0.15580040551186156,2024-05-04
Nebraska 3,-1.4547354151449778,0.2679880453994558,2024-05-04
Nevada,-0.07273347214264285,0.15823433311900514,2024-05-04
New Hampshire,-0.00993716195402241,0.15628614680325215,2024-05-04
New Jersey,0.19295278031030297,0.16272452388674155,2024-05-04
New Mexico,0.08522056718497367,0.15710898319927688,2024-05-04
New York,0.3531626327186371,0.1619606647613724,2024-05-04
North Carolina,-0.16486942840459662,0.1617132234464358,2024-05-04
North Dakota,-0.9082460919400684,0.1903313068056107,2024-05-04
Ohio,-0.2939398850321536,0.16434775340873137,2024-05-04
Oklahoma,-0.8911255221925628,0.19329759408307784,2024-05-04
Oregon,0.18726066028685617,0.16315828904888807,2024-05-04
Pennsylvania,-0.10684052275626452,0.1596439762439595,2024-05-04
Rhode Island,0.28923786646190686,0.16596495794245197,2024-05-04
South Carolina,-0.38531986319626327,0.16459829504380966,2024-05-04
South Dakota,-0.7202131045347474,0.17885179533297563,2024-05-04
Tennessee,-0.6432386457855811,0.17790914747952924,2024-05-04
Texas,-0.25867577845956624,0.1590855996452185,2024-05-04
Utah,-0.5938435431556724,0.17443084202425055,2024-05-04
Vermont,0.5984646925981097,0.17337066157698447,2024-05-04
Virginia,0.06086462283618728,0.16043669534959176,2024-05-04
Washington,0.2659666297466216,0.16424278550990876,2024-05-04
West Virginia,-1.0304356420293217,0.2047657364607884,2024-05-04
Wisconsin,-0.12109434138429698,0.15915093773395006,2024-05-04
Wyoming,-1.1978719504325188,0.22438762609180696,2024-05-04
Alabama,-0.6805639315550795,0.17238910742114005,2024-05-05
Alaska,-0.3725157978146418,0.1626100693825775,2024-05-05
Arizona,-0.14682921060657453,0.15558374315660095,2024-05-05
Arkansas,-0.7289535861875797,0.18080584382137,2024-05-05
California,0.4991111112694732,0.16720913711465613,2024-05-05
Colorado,0.10821231634083708,0.15539760161670405,2024-05-05
Connecticut,0.25522335279627295,0.16056250970706146,2024-05-05
Delaware,0.23657928531588707,0.1601160085533995,2024-05-05
District of Columbia,2.5416146865982987,0.6863389672814685,2024-05-05
Florida,-0.17775665800512291,0.1653239640922085,2024-05-05
Georgia,-0.14542108783758817,0.1579648961462798,2024-05-05
Hawaii,0.5214501409525256,0.16613403998997742,2024-05-05
Idaho,-0.8395525262919608,0.19045086146224413,2024-05-05
Illinois,0.22955643347608173,0.15782041909551076,2024-05-05
Indiana,-0.4844021042184643,0.16914129980180392,2024-05-05
Iowa,-0.30755258943192504,0.16392532555636846,2024-05-05
Kansas,-0.4705225851066615,0.16573221929862422,2024-05-05
Kentucky,-0.7138887372816379,0.18089686219021625,2024-05-05
Louisiana,-0.5328319715234816,0.16639053964721554,2024-05-05
Maine,0.03182418289314887,0.15421787086920344,2024-05-05
Maine 1,0.32019099453626976,0.16105383455986588,2024-05-05
Maine 2,-0.3003197199633626,0.1604394032358366,2024-05-05
Maryland,0.5405475095177293,0.1693718970790633,2024-05-05
Massachusetts,0.556447884558319,0.1710254777892574,2024-05-05
Michigan,-0.08352522747182899,0.1572564562227586,2024-05-05
Minnesota,-0.00636038489028311,0.16144484808388695,2024-05-05
Mississippi,-0.4729914960146701,0.1631676781728028,2024-05-05
Missouri,-0.4738335013459232,0.16486212401427386,2024-05-05
Montana,-0.5036366392002494,0.17218604089718167,2024-05-05
Nebraska,-0.5704601488345217,0.1676455279310633,2024-05-05
Nebraska 1,-0.478158398174049,0.16909679675161618,2024-05-05
Nebraska 2,-0.03167215059298696,0.1545712160374582,2024-05-05
Nebraska 3,-1.4565085724647904,0.2662529743923593,2024-05-05
Nevada,-0.073995294076945,0.156990008641563,2024-05-05
New Hampshire,-0.01120297924183435,0.15514930762458426,2024-05-05
New Jersey,0.19165625452718235,0.16156199002625812,2024-05-05
New Mexico,0.08394512392993649,0.15595663625814135,2024-05-05
New York,0.35181907818535285,0.1606298077866876,2024-05-05
North Carolina,-0.16612976109983296,0.1605213644535939,2024-05-05
North Dakota,-0.9096721934684666,0.18885628422839115,2024-05-05
Ohio,-0.29520598618721317,0.16317358830472672,2024-05-05
Oklahoma,-0.8925404615448971,0.1918036165699935,2024-05-05
Oregon,0.18596130020203216,0.16187355875176113,2024-05-05
Pennsylvania,-0.1080999730415254,0.15840836139158973,2024-05-05
Rhode Island,0.28791506877495926,0.16471837640385442,2024-05-05
South Carolina,-0.386596544174162,0.16337688853737875,2024-05-05
South Dakota,-0.7215666971173711,0.17746953209273503,2024-05-05
Tennessee,-0.6445743970028591,0.1766760036297253,2024-05-05
Texas,-0.259938553146663,0.1578560519447061,2024-05-05
Utah,-0.5951603427558492,0.17315039331598064,2024-05-05
Vermont,0.5970079515624471,0.17188349174474113,2024-05-05
Virginia,0.05959094273335137,0.15918691215278594,2024-05-05
Washington,0.26464683594310207,0.16294703686373607,2024-05-05
West Virginia,-1.0319127727617157,0.203161305752426,2024-05-05
Wisconsin,-0.12235368581618732,0.15789254645720577,2024-05-05
Wyoming,-1.1994577221878449,0.22279369978427968,2024-05-05
Alabama,-0.6830138526911048,0.17204138425591783,2024-05-06
Alaska,-0.3747868124303166,0.1622145007122243,2024-05-06
Arizona,-0.1490410347292378,0.15514668625561717,2024-05-06
Arkansas,-0.7314366007949537,0.18036778825879576,2024-05-06
California,0.49674382320203586,0.1666398885245911,2024-05-06
Colorado,0.10599654158464428,0.15488427210910555,2024-05-06
Connecticut,0.2529708273897921,0.1600082508542145,2024-05-06
Delaware,0.23433288732341792,0.15959641503594346,2024-05-06
District of Columbia,2.5364701784846435,0.6917110424142822,2024-05-06
Florida,-0.1799750911147994,0.16488977067341593,2024-05-06
Georgia,-0.14763329532611427,0.15752099480630088,2024-05-06
Hawaii,0.5190670402435288,0.16552287405785335,2024-05-06
Idaho,-0.8421402037788467,0.1900760306180727,2024-05-06
Illinois,0.22731252639767055,0.15731580437313858,2024-05-06
Indiana,-0.4867224347295109,0.16869680253239447,2024-05-06
Iowa,-0.309800242684667,0.1634958672612068,2024-05-06
Kansas,-0.4728370993163859,0.16533239294561136,2024-05-06
Kentucky,-0.7163642945287915,0.18053517757259405,2024-05-06
Louisiana,-0.5351807745310285,0.16600388623556353,2024-05-06
Maine,0.02961711745761575,0.15373020364679177,2024-05-06
Maine 1,0.31791453484524357,0.16048943368381127,2024-05-06
Maine 2,-0.3025641148855527,0.15997808954252649,2024-05-06
Maryland,0.5381484102120678,0.16869307537825187,2024-05-06
Massachusetts,0.5540428900999778,0.1704582829845426,2024-05-06
Michigan,-0.08573255327337491,0.15683573895823807,2024-05-06
Minnesota,-0.00856728622978387,0.16096134200829568,2024-05-06
Mississippi,-0.475308186358057,0.1627913017231504,2024-05-06
Missouri,-0.4761477227246238,0.1644188769183649,2024-05-06
Montana,-0.5059687164849183,0.1718000372005588,2024-05-06
Nebraska,-0.5728283700470946,0.16720876889127342,2024-05-06
Nebraska 1,-0.4804764782861986,0.16868647943953607,2024-05-06
Nebraska 2,-0.03387705651255524,0.15411306614992792,2024-05-06
Nebraska 3,-1.4600614688243247,0.2661592883850043,2024-05-06
Nevada,-0.07620173142028548,0.15654075295402148,2024-05-06
New Hampshire,-0.0134081025706676,0.1547385194400497,2024-05-06
New Jersey,0.18942339031730004,0.16111718792557037,2024-05-06
New Mexico,0.08173346113977763,0.15553065609875322,2024-05-06
New York,0.3495303067663923,0.16007808942944282,2024-05-06
North Carolina,-0.1683459921577807,0.16010364396587806,2024-05-06
North Dakota,-0.9123318991592329,0.18847396540362127,2024-05-06
Ohio,-0.29745114380710425,0.1627883142282179,2024-05-06
Oklahoma,-0.8951807878022274,0.19140555216999447,2024-05-06
Oregon,0.18372784021691396,0.1613628223226929,2024-05-06
Pennsylvania,-0.11030825718282848,0.15795625896509707,2024-05-06
Rhode Island,0.285651584237893,0.164214673928537,2024-05-06
South Carolina,-0.3888736280465047,0.16297959958045416,2024-05-06
South Dakota,-0.7240470505500128,0.17707836202062985,2024-05-06
Tennessee,-0.6469983841587488,0.17632848130196466,2024-05-06
Texas,-0.2621729101435519,0.1574360244017102,2024-05-06
Utah,-0.5975476141266117,0.1727703957245715,2024-05-06
Vermont,0.5945694470190848,0.17122025323037054,2024-05-06
Virginia,0.05738093005404261,0.15871059504953752,2024-05-06
Washington,0.26238992033843733,0.16241549775650624,2024-05-06
West Virginia,-1.0347173853397147,0.20278280243240157,2024-05-06
Wisconsin,-0.1245635829229823,0.15744457913376894,2024-05-06
Wyoming,-1.2025121891269743,0.22251102311600637,2024-05-06
Alabama,-0.6834801376756334,0.17153830167806527,2024-05-07
Alaska,-0.37522925271264734,0.16173412602941772,2024-05-07
Arizona,-0.14947880142396536,0.15466123565212225,2024-05-07
Arkansas,-0.7319018577833172,0.1797693815639084,2024-05-07
California,0.496254477044779,0.1661330232231341,2024-05-07
Colorado,0.10554987067596446,0.15436346450550154,2024-05-07
Connecticut,0.25251187370355593,0.15947684405185142,2024-05-07
Delaware,0.23387572504499243,0.159091131194305,2024-05-07
District of Columbia,2.537133329084564,0.7026379466385159,2024-05-07
Florida,-0.18041311228186785,0.16439742536575208,2024-05-07
Georgia,-0.14807129284236964,0.1570339676886141,2024-05-07
Hawaii,0.5185720583854945,0.16497241897903597,2024-05-07
Idaho,-0.8426212249236985,0.18949971642641752,2024-05-07
Illinois,0.2268560690997856,0.1568207482354071,2024-05-07
Indiana,-0.4871684433823276,0.1681423090404293,2024-05-07
Iowa,-0.31023911838452073,0.16298908790939723,2024-05-07
Kansas,-0.4732838435727369,0.164818305407903,2024-05-07
Kentucky,-0.7168323458253523,0.180012672652175,2024-05-07
Louisiana,-0.535632564264987,0.16549352913106605,2024-05-07
Maine,0.0291744078478635,0.15321461344799914,2024-05-07
Maine 1,0.31744817455881374,0.15994904955355854,2024-05-07
Maine 2,-0.3030025267947392,0.15944669865693037,2024-05-07
Maryland,0.5376470040911153,0.1680725989079372,2024-05-07
Massachusetts,0.553543667788437,0.16994533363933004,2024-05-07
Michigan,-0.08617202766753322,0.15637658185990178,2024-05-07
Minnesota,-0.00900919902611795,0.16045587552930551,2024-05-07
Mississippi,-0.4757564737097395,0.16230466806419558,2024-05-07
Missouri,-0.47659349553196473,0.1638757681795237,2024-05-07
Montana,-0.5064173502630233,0.17130190008071575,2024-05-07
Nebraska,-0.5732805966781586,0.16665779673709938,2024-05-07
Nebraska 1,-0.4809235422612408,0.16817597531371598,2024-05-07
Nebraska 2,-0.03431736642415229,0.15362731440976632,2024-05-07
Nebraska 3,-1.4606667294142923,0.2654597398863238,2024-05-07
Nevada,-0.07664102488839898,0.15604586199230291,2024-05-07
New Hampshire,-0.01384903259727911,0.15429435018011312,2024-05-07
New Jersey,0.18897118708765767,0.16066182316613317,2024-05-07
New Mexico,0.08128903516496529,0.15507997679608865,2024-05-07
New York,0.34906095661082764,0.15955254701694943,2024-05-07
North Carolina,-0.16878444815835136,0.1596313514736866,2024-05-07
North Dakota,-0.9128237145034584,0.18788155592976927,2024-05-07
Ohio,-0.29789118284110966,0.1623237190931194,2024-05-07
Oklahoma,-0.8956683169347052,0.19080217384715023,2024-05-07
Oregon,0.18327427828737736,0.16085222035362567,2024-05-07
Pennsylvania,-0.11074662945098154,0.15746565016463285,2024-05-07
Rhode Island,0.2851898150633712,0.1637234427457249,2024-05-07
South Carolina,-0.3893169762597254,0.16249493869731357,2024-05-07
South Dakota,-0.7245150520580921,0.17652333303395043,2024-05-07
Tennessee,-0.6474613172315803,0.1758400797685739,2024-05-07
Texas,-0.26261190540231316,0.15694823223239443,2024-05-07
Utah,-0.5980037003879463,0.1722596641276906,2024-05-07
Vermont,0.5940593668286438,0.1706318743510692,2024-05-07
Virginia,0.0569370782068206,0.15821419125164674,2024-05-07
Washington,0.26192891921606676,0.16190254237878213,2024-05-07
West Virginia,-1.035224785172263,0.20213294114760572,2024-05-07
Wisconsin,-0.12500176135664542,0.1569426595271044,2024-05-07
Wyoming,-1.203056568655399,0.22187065619471105,2024-05-07
Alabama,-0.6847462914553524,0.17154249268846372,2024-05-08
Alaska,-0.37639811972254744,0.1616993568169811,2024-05-08
Arizona,-0.15061397544161623,0.15460364658021153,2024-05-08
Arkansas,-0.7331879739224783,0.17975443917077355,2024-05-08
California,0.495049244639915,0.16600732714105612,2024-05-08
Colorado,0.10441644053945418,0.15427390113395534,2024-05-08
Connecticut,0.2513618594688181,0.15936722352687435,2024-05-08
Delaware,0.2327285793085316,0.1589924186996304,2024-05-08
District of Columbia,2.529941153149041,0.6834899157674228,2024-05-08
Florida,-0.18155213959150257,0.16434277514024612,2024-05-08
Georgia,-0.14920665154812768,0.1569725629168909,2024-05-08
Hawaii,0.517359772172869,0.1648386489374803,2024-05-08
Idaho,-0.8439634988960291,0.18951485161489717,2024-05-08
Illinois,0.22571012785832295,0.15672736108245483,2024-05-08
Indiana,-0.4883652602994566,0.1681057073809614,2024-05-08
Iowa,-0.31139541866090875,0.1629432672984671,2024-05-08
Kansas,-0.47447696658105926,0.16479363503646355,2024-05-08
Kentucky,-0.7181129750911336,0.1800151124752691,2024-05-08
Louisiana,-0.5368441547085144,0.1654759878737796,2024-05-08
Maine,0.02804432996685452,0.15313828302450244,2024-05-08
Maine 1,0.31628707556946994,0.15983721339964682,2024-05-08
Maine 2,-0.30415702941135514,0.15939140887429107,2024-05-08
Maryland,0.5364278150567299,0.16792404417567214,2024-05-08
Massachusetts,0.5523203004687708,0.16982357413141538,2024-05-08
Michigan,-0.08730377923305695,0.1563187610878075,2024-05-08
Minnesota,-0.0101395137081625,0.16037729404555084,2024-05-08
Mississippi,-0.4769502614282202,0.16228434879914264,2024-05-08
Missouri,-0.4777868066376353,0.16383623199854838,2024-05-08
Montana,-0.5076201472069993,0.1712789990248428,2024-05-08
Nebraska,-0.5745035634244893,0.16662575909281568,2024-05-08
Nebraska 1,-0.4821186140613809,0.16814343555906336,2024-05-08
Nebraska 2,-0.03544725112958268,0.1535574087800903,2024-05-08
Nebraska 3,-1.4625352607212656,0.2656980458216099,2024-05-08
Nevada,-0.0777723151842675,0.1559841907467171,2024-05-08
New Hampshire,-0.01497873753148674,0.1542371590551468,2024-05-08
New Jersey,0.1878299247026192,0.1605885381802122,2024-05-08
New Mexico,0.08015711372208031,0.15501628606966303,2024-05-08
New York,0.3478938361540172,0.1594432491809493,2024-05-08
North Carolina,-0.16992200667829666,0.1595797569767187,2024-05-08
North Dakota,-0.9142046024469398,0.18789971988014872,2024-05-08
Ohio,-0.2990455942628192,0.16228870929939954,2024-05-08
Oklahoma,-0.8970392607796146,0.1908143152542798,2024-05-08
Oregon,0.1821332205437734,0.16076013839505585,2024-05-08
Pennsylvania,-0.11187942533616928,0.15740060440712816,2024-05-08
Rhode Island,0.28403453260139494,0.1636288884597326,2024-05-08
South Carolina,-0.3904890926001318,0.1624607323714368,2024-05-08
South Dakota,-0.7257985034550949,0.17652054735173672,2024-05-08
Tennessee,-0.6487133355606136,0.1758379352851744,2024-05-08
Texas,-0.2637601977806948,0.15690162480605893,2024-05-08
Utah,-0.5992364503782248,0.17224604378798897,2024-05-08
Vermont,0.5928205101579476,0.1704815557654729,2024-05-08
Virginia,0.05580578966886488,0.15813692956858966,2024-05-08
Washington,0.2607771285205837,0.1617995809674623,2024-05-08
West Virginia,-1.0366856364902894,0.20217571042967217,2024-05-08
Wisconsin,-0.12613558308206896,0.15688420389091173,2024-05-08
Wyoming,-1.2046519074411997,0.2219695575743701,2024-05-08
Alabama,-0.6864598504601269,0.17131199891276108,2024-05-09
Alaska,-0.37798511149173064,0.16143265228677367,2024-05-09
Arizona,-0.1521587522093318,0.15430725885999003,2024-05-09
Arkansas,-0.7349242403505062,0.17945151879496676,2024-05-09
California,0.4933984812288208,0.1656220951778322,2024-05-09
Colorado,0.1028697633580162,0.1539219293304765,2024-05-09
Connecticut,0.24979008434891553,0.15898662691602908,2024-05-09
Delaware,0.2311609594811979,0.15863778628141,2024-05-09
District of Columbia,2.5289973541300044,0.7062147051239661,2024-05-09
Florida,-0.18310157658133216,0.16404514947467477,2024-05-09
Georgia,-0.15075173009168866,0.1566706237218663,2024-05-09
Hawaii,0.5156980215542959,0.1644220896761589,2024-05-09
Idaho,-0.8457737169416967,0.18925956742151925,2024-05-09
Illinois,0.22414424788418533,0.15638473202105607,2024-05-09
Indiana,-0.4899868707062407,0.1677984241643251,2024-05-09
Iowa,-0.31296571122695116,0.1626490568249209,2024-05-09
Kansas,-0.4760946222739359,0.16452159770481872,2024-05-09
Kentucky,-0.7198444316680628,0.17977191291779696,2024-05-09
Louisiana,-0.5384861196473035,0.16521480382591852,2024-05-09
Maine,0.02650352022567812,0.15280441831348035,2024-05-09
Maine 1,0.3146988657172255,0.1594497375560897,2024-05-09
Maine 2,-0.3057250113979442,0.15907386735388274,2024-05-09
Maryland,0.5347547532759733,0.16745348910735647,2024-05-09
Massachusetts,0.5506435406882854,0.16944014568441368,2024-05-09
Michigan,-0.08884530078386738,0.15603550001610147,2024-05-09
Minnesota,-0.01168050312922327,0.16004526499678293,2024-05-09
Mississippi,-0.478569616435207,0.16203199388119294,2024-05-09
Missouri,-0.47940426128964303,0.16353185561451836,2024-05-09
Montana,-0.5092501638416757,0.171016794678482,2024-05-09
Nebraska,-0.5761590652593289,0.16632693226683645,2024-05-09
Nebraska 1,-0.4837387415757208,0.1678636714957912,2024-05-09
Nebraska 2,-0.03698683225159135,0.15324646827175614,2024-05-09
Nebraska 3,-1.4650275451672612,0.2656521446275502,2024-05-09
Nevada,-0.07931309846898989,0.15567778368556923,2024-05-09
New Hampshire,-0.0165184318178434,0.1539626004848435,2024-05-09
New Jersey,0.18627170189653516,0.16028912690393177,2024-05-09
New Mexico,0.07861328543447757,0.15473074143695345,2024-05-09
New York,0.34629712824570125,0.1590667358785675,2024-05-09
North Carolina,-0.17146994925556364,0.15929656721346894,2024-05-09
North Dakota,-0.9160657356998528,0.18764120582442584,2024-05-09
Ohio,-0.3006142597906336,0.16202927896906022,2024-05-09
Oklahoma,-0.8988865100852468,0.1905422210659196,2024-05-09
Oregon,0.1805744130280715,0.16041008134499388,2024-05-09
Pennsylvania,-0.11342165405757268,0.1570924693806654,2024-05-09
Rhode Island,0.28245523533979994,0.16328633209941906,2024-05-09
South Carolina,-0.392080391734048,0.16219246360453068,2024-05-09
South Dakota,-0.7275332771379317,0.17625476474427643,2024-05-09
Tennessee,-0.6504085620041362,0.1756066165142263,2024-05-09
Texas,-0.26532114540507307,0.15661701090804164,2024-05-09
Utah,-0.6009055721143667,0.17198931309700705,2024-05-09
Vermont,0.5911204187483035,0.17002631337933227,2024-05-09
Virginia,0.05426302830703061,0.1578114053223676,2024-05-09
Washington,0.2592022458410455,0.16143607779759753,2024-05-09
West Virginia,-1.0386487060962677,0.2019178469374726,2024-05-09
Wisconsin,-0.1276789459831956,0.15657785323313675,2024-05-09
Wyoming,-1.206791691630014,0.22178501439182444,2024-05-09
Alabama,-0.6872295640702997,0.1711448873392319,2024-05-10
Alaska,-0.37869926673768006,0.1612534222925196,2024-05-10
Arizona,-0.15285484117646334,0.1541149927125436,2024-05-10
Arkansas,-0.7357029285114436,0.1792374899610637,2024-05-10
California,0.4926518731695587,0.1653912866843507,2024-05-10
Colorado,0.10217171120292692,0.15370086780439637,2024-05-10
Connecticut,0.2490800283398703,0.1587520866158718,2024-05-10
Delaware,0.2304528370508421,0.15841853041738077,2024-05-10
District of Columbia,2.524811392179491,0.6909054164951799,2024-05-10
Florida,-0.18379962227659555,0.16385024612139218,2024-05-10
Georgia,-0.15144793635273815,0.15647552423376715,2024-05-10
Hawaii,0.5149460710412349,0.16417112735647993,2024-05-10
Idaho,-0.8465851664789117,0.1890694321586409,2024-05-10
Illinois,0.22343697127301199,0.1561723894299371,2024-05-10
Indiana,-0.4907157081458946,0.16758928590574584,2024-05-10
Iowa,-0.3136724715420394,0.16245339714686538,2024-05-10
Kansas,-0.4768220399542799,0.16433426381880095,2024-05-10
Kentucky,-0.7206216517774737,0.17959580113139806,2024-05-10
Louisiana,-0.5392242681510568,0.16503306956452748,2024-05-10
Maine,0.02580840027736413,0.1525915962817014,2024-05-10
Maine 1,0.3139810083737652,0.15921109239682435,2024-05-10
Maine 2,-0.3064307183967583,0.1588646123845597,2024-05-10
Maryland,0.533997155676809,0.16716772730844998,2024-05-10
Massachusetts,0.549884938900314,0.16920927465951638,2024-05-10
Michigan,-0.08954032216156647,0.15585306467831347,2024-05-10
Minnesota,-0.01237558393053971,0.15983426776777834,2024-05-10
Mississippi,-0.47929795376470863,0.16185800893346006,2024-05-10
Missouri,-0.4801313651547672,0.16332633759499104,2024-05-10
Montana,-0.5099829231840004,0.17083598585595416,2024-05-10
Nebraska,-0.576902826311635,0.16612279081470138,2024-05-10
Nebraska 1,-0.484467225534634,0.16767364506921592,2024-05-10
Nebraska 2,-0.03768115031144133,0.15304828166298706,2024-05-10
Nebraska 3,-1.4661373533875226,0.2655322338391307,2024-05-10
Nevada,-0.08000777911650786,0.15547940459448645,2024-05-10
New Hampshire,-0.01721280000853981,0.1537866142765409,2024-05-10
New Jersey,0.1855681741735237,0.16010089939145442,2024-05-10
New Mexico,0.07791674691506806,0.1545490753594213,2024-05-10
New York,0.3455754503366567,0.15883552660480432,2024-05-10
North Carolina,-0.17216750258902355,0.15911152724550387,2024-05-10
North Dakota,-0.9168996328293528,0.1874478471429461,2024-05-10
Ohio,-0.30132055108923256,0.16185544486750886,2024-05-10
Oklahoma,-0.8997140845480246,0.19034088131919505,2024-05-10
Oregon,0.17987041489830055,0.16019129356684447,2024-05-10
Pennsylvania,-0.11411676915777565,0.1568941833131576,2024-05-10
Rhode Island,0.281741780346115,0.16307442908125044,2024-05-10
South Carolina,-0.3927964918763165,0.16201180936523354,2024-05-10
South Dakota,-0.7283117602933598,0.1760638750538174,2024-05-10
Tennessee,-0.6511702332110746,0.17544116854215183,2024-05-10
Texas,-0.2660241599724531,0.15642909660871993,2024-05-10
Utah,-0.601655451493542,0.1718092010813979,2024-05-10
Vermont,0.5903505536597895,0.16975306117809225,2024-05-10
Virginia,0.05356693400371971,0.1576049696416724,2024-05-10
Washington,0.2584906583747664,0.16121179472176594,2024-05-10
West Virginia,-1.0395266046589835,0.20171521794615388,2024-05-10
Wisconsin,-0.1283744065422372,0.15637821930524623,2024-05-10
Wyoming,-1.2077477174686724,0.22161584548050944,2024-05-10
Alabama,-0.686570710222403,0.17050147056097267,2024-05-11
Alaska,-0.3781060406074468,0.16067321705919324,2024-05-11
Arizona,-0.15228901617221993,0.1535493752660157,2024-05-11
Arkansas,-0.7350216440745129,0.17847006003343183,2024-05-11
California,0.4932211321988973,0.16487099708479683,2024-05-11
Colorado,0.10272422775040368,0.15311588497549772,2024-05-11
Connecticut,0.24963312395720216,0.15817252956386155,2024-05-11
Delaware,0.23100537232424623,0.15786619632085164,2024-05-11
District of Columbia,2.525997953357576,0.6917874134871416,2024-05-11
Florida,-0.1832303167121807,0.1632661991936368,2024-05-11
Georgia,-0.15088244670853432,0.15591026970655958,2024-05-11
Hawaii,0.5155148537895032,0.1635968538910947,2024-05-11
Idaho,-0.8458685628403566,0.18830720070362575,2024-05-11
Illinois,0.22398916883973508,0.15563102495082998,2024-05-11
Indiana,-0.49009886329634095,0.16690085452859707,2024-05-11
Iowa,-0.3130871027489778,0.1618421650662365,2024-05-11
Kansas,-0.47621021103783234,0.1636949973305899,2024-05-11
Kentucky,-0.7199503497482184,0.17892292433539456,2024-05-11
Louisiana,-0.5386006881233482,0.16439487072635017,2024-05-11
Maine,0.02636253753486787,0.15200055296426354,2024-05-11
Maine 1,0.31453554264979244,0.15862197851203955,2024-05-11
Maine 2,-0.30584638728817953,0.15822825047675215,2024-05-11
Maryland,0.5345638639344896,0.166502444261926,2024-05-11
Massachusetts,0.5504595363004805,0.1686773826772809,2024-05-11
Michigan,-0.08898054387581736,0.15532551561852093,2024-05-11
Minnesota,-0.01182001665258342,0.15925656972136737,2024-05-11
Mississippi,-0.4786876714609328,0.16125712840677894,2024-05-11
Missouri,-0.47951783410485654,0.1626601409584417,2024-05-11
Montana,-0.5093636732375999,0.17021662047621847,2024-05-11
Nebraska,-0.5762681755780736,0.16544105589112085,2024-05-11
Nebraska 1,-0.48385370964017665,0.16704647617873977,2024-05-11
Nebraska 2,-0.03712394441022286,0.152494886093982,2024-05-11
Nebraska 3,-1.4650583460433535,0.2644062385902379,2024-05-11
Nevada,-0.07944802293603073,0.1549022402328631,2024-05-11
New Hampshire,-0.01665663076648597,0.1532818261214498,2024-05-11
New Jersey,0.1861213778341061,0.15959444788758675,2024-05-11
New Mexico,0.0784706695035193,0.15404106707628304,2024-05-11
New York,0.3461322648411256,0.1582676883355662,2024-05-11
North Carolina,-0.1716003470674584,0.15855679057019173,2024-05-11
North Dakota,-0.9161585113430069,0.18666578357284833,2024-05-11
Ohio,-0.30073884284344926,0.1612963967044136,2024-05-11
Oklahoma,-0.8989771203655181,0.18954533032964715,2024-05-11
Oregon,0.18042156340367752,0.1596220366367136,2024-05-11
Pennsylvania,-0.1135541081206744,0.15632678558247923,2024-05-11
Rhode Island,0.28229662113023085,0.1625381198521071,2024-05-11
South Carolina,-0.39220134945107415,0.16142466325650884,2024-05-11
South Dakota,-0.7276371802454539,0.1753491507168074,2024-05-11
Tennessee,-0.6505211171705837,0.1748214309005091,2024-05-11
Texas,-0.2654470085869751,0.15584932779636443,2024-05-11
Utah,-0.6010161405047022,0.17116630336240005,2024-05-11
Vermont,0.5909261145281919,0.16914056502239613,2024-05-11
Virginia,0.0541208460987847,0.1570407760845833,2024-05-11
Washington,0.2590428238801593,0.16065218138153156,2024-05-11
West Virginia,-1.0387254853360537,0.2008286632829236,2024-05-11
Wisconsin,-0.1278105419640389,0.15578713195523747,2024-05-11
Wyoming,-1.2068616194140511,0.22069809495854364,2024-05-11
Alabama,-0.6867412466836431,0.17039073082564413,2024-05-12
Alaska,-0.378265963008274,0.16056423552393734,2024-05-12
Arizona,-0.15244602020443224,0.15343758226886323,2024-05-12
Arkansas,-0.7351925961416925,0.17833080639757778,2024-05-12
California,0.49304921889603937,0.1647524993404966,2024-05-12
Colorado,0.1025653787683648,0.15299288050804957,2024-05-12
Connecticut,0.24947071677641897,0.15804580821378084,2024-05-12
Delaware,0.2308434927196928,0.15774720336704123,2024-05-12
District of Columbia,2.5263457022736864,0.6964184229155498,2024-05-12
Florida,-0.1833875971714797,0.16315102522170818,2024-05-12
Georgia,-0.15103950346916248,0.1557974761068153,2024-05-12
Hawaii,0.5153412187032859,0.16346640377842156,2024-05-12
Idaho,-0.8460461322058361,0.18817655739688663,2024-05-12
Illinois,0.22382751392940273,0.15551555458047162,2024-05-12
Indiana,-0.4902608826577699,0.16677071357058254,2024-05-12
Iowa,-0.3132454250211772,0.16172423580896952,2024-05-12
Kansas,-0.47637229755265664,0.16357726582906842,2024-05-12
Kentucky,-0.7201219052542328,0.178805876310411,2024-05-12
Louisiana,-0.5387649450798284,0.16427932730452968,2024-05-12
Maine,0.02620473311617787,0.15187945328469124,2024-05-12
Maine 1,0.3143708407384969,0.15849311567380314,2024-05-12
Maine 2,-0.3060045483821309,0.1581034820291122,2024-05-12
Maryland,0.5343882972896545,0.16635083041148985,2024-05-12
Massachusetts,0.5502845274458634,0.16855771345146153,2024-05-12
Michigan,-0.08913776479853981,0.15522081105197488,2024-05-12
Minnesota,-0.01197772662807512,0.1591371054037111,2024-05-12
Mississippi,-0.4788502737774494,0.16114791233354803,2024-05-12
Missouri,-0.4796796597305634,0.1625337602379784,2024-05-12
Montana,-0.5095266789411996,0.1701028898535212,2024-05-12
Nebraska,-0.5764330270354825,0.16531389896106938,2024-05-12
Nebraska 1,-0.4840159742647744,0.166928999659893,2024-05-12
Nebraska 2,-0.03728125260588195,0.1523825239713666,2024-05-12
Nebraska 3,-1.4652920986196736,0.26426449159206417,2024-05-12
Nevada,-0.07960517932171636,0.15478709517407793,2024-05-12
New Hampshire,-0.01681404749622497,0.1531817273256646,2024-05-12
New Jersey,0.18596088780079345,0.15949007016787548,2024-05-12
New Mexico,0.0783124287541838,0.15393881179256455,2024-05-12
New York,0.345966645538551,0.15814361905085433,2024-05-12
North Carolina,-0.1717576701813295,0.1584482486471391,2024-05-12
North Dakota,-0.9163405734037896,0.18653269631804328,2024-05-12
Ohio,-0.3008973763567091,0.16119105948639337,2024-05-12
Oklahoma,-0.8991576106501699,0.1894079341469064,2024-05-12
Oregon,0.18026070808458852,0.15950119707026664,2024-05-12
Pennsylvania,-0.11371108752020778,0.1562126560235488,2024-05-12
Rhode Island,0.2821333228324701,0.16242312009287643,2024-05-12
South Carolina,-0.39236163369888494,0.16131442379888214,2024-05-12
South Dakota,-0.7278088040904064,0.17522305562450563,2024-05-12
Tennessee,-0.6506901353935535,0.17471330465549847,2024-05-12
Texas,-0.265605010378847,0.15573749215964777,2024-05-12
Utah,-0.6011824360991431,0.17105078771119933,2024-05-12
Vermont,0.590747656794461,0.16899896808964032,2024-05-12
Virginia,0.05396276484726581,0.1569243348686115,2024-05-12
Washington,0.25887984893740534,0.16053076193546642,2024-05-12
West Virginia,-1.0389151192466612,0.20068222526018265,2024-05-12
Wisconsin,-0.12796753272365238,0.15567008413393163,2024-05-12
Wyoming,-1.2070669776894798,0.2205603070562659,2024-05-12
Alabama,-0.6864721079945182,0.1699875806408691,2024-05-13
Alaska,-0.3780267277697475,0.16019438133756653,2024-05-13
Arizona,-0.1522201011987669,0.15307348752113198,2024-05-13
Arkansas,-0.7349111352108555,0.17783823732289175,2024-05-13
California,0.4932694111507292,0.1644109519866256,2024-05-13
Colorado,0.1027831661244032,0.1526101952393871,2024-05-13
Connecticut,0.2496869729349212,0.15766369302573216,2024-05-13
Delaware,0.23105966350372295,0.15738551985155497,2024-05-13
District of Columbia,2.52393882982738,0.6794160998228136,2024-05-13
Florida,-0.1831599334994788,0.1627726880150126,2024-05-13
Georgia,-0.15081383735569368,0.15543248623873282,2024-05-13
Hawaii,0.5155601873936618,0.16308713096353178,2024-05-13
Idaho,-0.8457491256521061,0.1876938782856814,2024-05-13
Illinois,0.22404361567797376,0.1551628372849066,2024-05-13
Indiana,-0.4900098344951734,0.16632576159685333,2024-05-13
Iowa,-0.31300957894740683,0.16132987093221346,2024-05-13
Kansas,-0.4761241280181995,0.16316866403662109,2024-05-13
Kentucky,-0.7198464997194203,0.17838120942763472,2024-05-13
Louisiana,-0.5385115492206313,0.1638737923598367,2024-05-13
Maine,0.02642396375071123,0.15149464041896937,2024-05-13
Maine 1,0.31458667436438603,0.15810465498455678,2024-05-13
Maine 2,-0.3057691489282449,0.1576909379105154,2024-05-13
Maryland,0.5346049034182812,0.16590555535304088,2024-05-13
Massachusetts,0.550506091929767,0.1682092827378348,2024-05-13
Michigan,-0.08891531891427842,0.1548823593008907,2024-05-13
Minnesota,-0.01175779460538319,0.15875967247464165,2024-05-13
Mississippi,-0.4786031931156408,0.16076739605525064,2024-05-13
Missouri,-0.4794303346572608,0.1621046035577437,2024-05-13
Montana,-0.5092749282412408,0.16970775920691822,2024-05-13
Nebraska,-0.5761738602165365,0.1648767720654173,2024-05-13
Nebraska 1,-0.4837668941791772,0.1665270866065147,2024-05-13
Nebraska 2,-0.03706017426357986,0.15202475072795174,2024-05-13
Nebraska 3,-1.4648287883635438,0.2635865785272834,2024-05-13
Nevada,-0.07938265838189494,0.15441355954074582,2024-05-13
New Hampshire,-0.01659358852708176,0.15285942619655024,2024-05-13
New Jersey,0.18617829668699215,0.1591635235003505,2024-05-13
New Mexico,0.07853133875615415,0.15361317946557684,2024-05-13
New York,0.34618333635636156,0.157770847994135,2024-05-13
North Carolina,-0.17153119180635806,0.15809156925441428,2024-05-13
North Dakota,-0.9160326723776904,0.18603950917216697,2024-05-13
Ohio,-0.30066371440223244,0.16083460765940494,2024-05-13
Oklahoma,-0.8988509769833456,0.1889030779164625,2024-05-13
Oregon,0.18047666356735248,0.15912805909042685,2024-05-13
Pennsylvania,-0.11348687373414627,0.15584533289603525,2024-05-13
Rhode Island,0.28235012198063925,0.16207293662940633,2024-05-13
South Carolina,-0.39212160945300295,0.1609397711256227,2024-05-13
South Dakota,-0.7275315162488659,0.1747691389969052,2024-05-13
Tennessee,-0.6504255774026724,0.1743236201545949,2024-05-13
Texas,-0.26537352797958597,0.15536557887228472,2024-05-13
Utah,-0.6009215828844029,0.1706426511102417,2024-05-13
Vermont,0.5909678380103891,0.16859098904685113,2024-05-13
Virginia,0.05418171142154985,0.15655697835333332,2024-05-13
Washington,0.2590951635314458,0.16016331083128305,2024-05-13
West Virginia,-1.0385784182902404,0.20012345720615585,2024-05-13
Wisconsin,-0.12774267838344708,0.1552874688809485,2024-05-13
Wyoming,-1.2066929371919957,0.21999401511343425,2024-05-13
Alabama,-0.6866548249541123,0.16978712741001126,2024-05-14
Alaska,-0.3781998776302581,0.15999989892621383,2024-05-14
Arizona,-0.1523913359277188,0.1528758176470137,2024-05-14
Arkansas,-0.7350923858068672,0.17758301652374245,2024-05-14
California,0.493078028164706,0.16420881386152503,2024-05-14
Colorado,0.10260831376663392,0.15239379749356244,2024-05-14
Connecticut,0.24950724097687815,0.15744243375995762,2024-05-14
Delaware,0.23088059340210731,0.1571781911492809,2024-05-14
District of Columbia,2.5231275529083264,0.6748994377896822,2024-05-14
Florida,-0.18333122784636596,0.16256693549119497,2024-05-14
Georgia,-0.15098525386785086,0.15523302640228623,2024-05-14
Hawaii,0.5153664038540854,0.16286259638834427,2024-05-14
Idaho,-0.8459367567163601,0.18745288945879304,2024-05-14
Illinois,0.22386486709256503,0.1549621389251306,2024-05-14
Indiana,-0.49018390632900394,0.1660894929037239,2024-05-14
Iowa,-0.31318109163776164,0.1611182582481132,2024-05-14
Kansas,-0.476298755402172,0.1629557731994338,2024-05-14
Kentucky,-0.7200296623637114,0.17816801775126195,2024-05-14
Louisiana,-0.5386883313887052,0.16366504883238586,2024-05-14
Maine,0.02625062524345695,0.15128051934637796,2024-05-14
Maine 1,0.31440400737759056,0.1578795031459652,2024-05-14
Maine 2,-0.3059404580477934,0.15746719399332149,2024-05-14
Maryland,0.534407994626502,0.16564038427081418,2024-05-14
Massachusetts,0.5503108797800235,0.16800461951911222,2024-05-14
Michigan,-0.08908741432668645,0.1546984259829647,2024-05-14
Minnesota,-0.01193083367444333,0.1585483323519116,2024-05-14
Mississippi,-0.4787787402997754,0.16057145257648694,2024-05-14
Missouri,-0.4796044669331452,0.1618765977639221,2024-05-14
Montana,-0.5094502133368698,0.1695023726885093,2024-05-14
Nebraska,-0.5763504539107784,0.16464707063182582,2024-05-14
Nebraska 1,-0.48394165191903565,0.16631547287165976,2024-05-14
Nebraska 2,-0.03723250128265865,0.15182720138783587,2024-05-14
Nebraska 3,-1.4650659321229542,0.2633072699101808,2024-05-14
Nevada,-0.07955459450439076,0.15420923972580194,2024-05-14
New Hampshire,-0.01676617682190894,0.15268476520914623,2024-05-14
New Jersey,0.18600133838520336,0.15898192768127714,2024-05-14
New Mexico,0.0783574625883193,0.15343489121331025,2024-05-14
New York,0.3459995673965603,0.1575552370183804,2024-05-14
North Carolina,-0.1717028239966564,0.15789904233052623,2024-05-14
North Dakota,-0.916224655461558,0.18579478296788796,2024-05-14
Ohio,-0.30083598474139156,0.16064687677290734,2024-05-14
Oklahoma,-0.8990410112515071,0.1886497854195389,2024-05-14
Oregon,0.1802989654692304,0.15891588330207315,2024-05-14
Pennsylvania,-0.11365841058108477,0.15564357126170508,2024-05-14
Rhode Island,0.2821693823474536,0.1618728962689527,2024-05-14
South Carolina,-0.3922951225478412,0.16074275874397526,2024-05-14
South Dakota,-0.727714354463952,0.17453874067971564,2024-05-14
Tennessee,-0.6506070232145905,0.17412802395879126,2024-05-14
Texas,-0.26554528208419437,0.15516660772133556,2024-05-14
Utah,-0.6010999268769064,0.17043343396741523,2024-05-14
Vermont,0.590767888062097,0.16834644812108832,2024-05-14
Virginia,0.05400796613252915,0.15635182126208735,2024-05-14
Washington,0.2589146060887229,0.1599516041476196,2024-05-14
West Virginia,-1.0387760262566017,0.1998505095464701,2024-05-14
Wisconsin,-0.12791411491352417,0.15507894703968586,2024-05-14
Wyoming,-1.2069057959147549,0.21973420146153164,2024-05-14
Alabama,-0.6855004428996077,0.16972046763917406,2024-05-15
Alaska,-0.3771359887829093,0.1599738146230557,2024-05-15
Arizona,-0.15135939049814204,0.15287095781462726,2024-05-15
Arkansas,-0.7339190167113316,0.17752699186717927,2024-05-15
California,0.4941699127338948,0.16426490883690706,2024-05-15
Colorado,0.10363731943022494,0.15241598277435148,2024-05-15
Connecticut,0.25055042852032083,0.15748244783924575,2024-05-15
Delaware,0.23192131268497784,0.15721029098568526,2024-05-15
District of Columbia,2.526962298303909,0.6762931077498715,2024-05-15
Florida,-0.18229561672876932,0.16255966955316395,2024-05-15
Georgia,-0.149953132818065,0.1552319707520905,2024-05-15
Hawaii,0.5164643423902963,0.1629219647620073,2024-05-15
Idaho,-0.8447114291824558,0.18736959297178651,2024-05-15
Illinois,0.22490448262647564,0.15498975877011728,2024-05-15
Indiana,-0.48909380133750874,0.16605886275326387,2024-05-15
Iowa,-0.31212903189255076,0.16110105089716795,2024-05-15
Kansas,-0.475212223490633,0.16291697590324053,2024-05-15
Kentucky,-0.7188616473237861,0.17810183584039158,2024-05-15
Louisiana,-0.5375845941927843,0.16361930412621317,2024-05-15
Maine,0.02727691233839165,0.1512906659422484,2024-05-15
Maine 1,0.3154567664111427,0.1579204874852598,2024-05-15
Maine 2,-0.30488999767684755,0.15745633852470103,2024-05-15
Maryland,0.5355118459432858,0.1657078837217142,2024-05-15
Massachusetts,0.5514188041716204,0.1680561097983989,2024-05-15
Michigan,-0.08805898839222442,0.15469621360480795,2024-05-15
Minnesota,-0.01090405742039587,0.15856221269755624,2024-05-15
Mississippi,-0.47769162543125554,0.16053061649114578,2024-05-15
Missouri,-0.4785176405480765,0.16184941055544227,2024-05-15
Montana,-0.508354618501048,0.169463795237375,2024-05-15
Nebraska,-0.5752360410685947,0.16461153584495447,2024-05-15
Nebraska 1,-0.48285323868776303,0.16628487698015573,2024-05-15
Nebraska 2,-0.03620597120957899,0.1518339982656932,2024-05-15
Nebraska 3,-1.4633510072206024,0.2629943331413981,2024-05-15
Nevada,-0.07852659044951714,0.15420761202264333,2024-05-15
New Hampshire,-0.01573988709263862,0.15268306112456867,2024-05-15
New Jersey,0.18703703693194104,0.15899450446843325,2024-05-15
New Mexico,0.07938527709764223,0.15343875311514923,2024-05-15
New York,0.3470576881271726,0.15759476486727944,2024-05-15
North Carolina,-0.17066864588600142,0.15789018436229613,2024-05-15
North Dakota,-0.9149634792805992,0.18570612585122637,2024-05-15
Ohio,-0.2997857490745973,0.16062277609943748,2024-05-15
Oklahoma,-0.8977889966524364,0.18856648418387845,2024-05-15
Oregon,0.18133441101795225,0.15894164105583686,2024-05-15
Pennsylvania,-0.11262877034670488,0.15564566017805043,2024-05-15
Rhode Island,0.28321720923178656,0.16190234068235385,2024-05-15
South Carolina,-0.39122828428753326,0.1607157122914964,2024-05-15
South Dakota,-0.7265436802110822,0.1744743836563765,2024-05-15
Tennessee,-0.6494657735075839,0.17406932506802042,2024-05-15
Texas,-0.26450080528789305,0.15515115156630255,2024-05-15
Utah,-0.5999764585935381,0.17038421141220209,2024-05-15
Vermont,0.5918892623737088,0.1684178245562752,2024-05-15
Virginia,0.05503526045048374,0.15636491780216996,2024-05-15
Washington,0.259959237275097,0.15998701925696532,2024-05-15
West Virginia,-1.0374402090775448,0.19973280192647616,2024-05-15
Wisconsin,-0.12688351457065034,0.15507383777456032,2024-05-15
Wyoming,-1.2054454452044865,0.21956225551988537,2024-05-15
Alabama,-0.6851072923642887,0.16948030895910293,2024-05-16
Alaska,-0.3767783781805003,0.15975973102461402,2024-05-16
Arizona,-0.15101590501652212,0.15266423491157538,2024-05-16
Arkansas,-0.7335146007831056,0.17723401195380373,2024-05-16
California,0.4945228354123157,0.16408449630404168,2024-05-16
Colorado,0.10397555994877568,0.15220292816522005,2024-05-16
Connecticut,0.25089078771248446,0.15727325367493702,2024-05-16
Delaware,0.2322611063259945,0.1570119491675336,2024-05-16
District of Columbia,2.527758819041387,0.6742833289763177,2024-05-16
Florida,-0.18195041684560373,0.1623428017981666,2024-05-16
Georgia,-0.14960980473905186,0.15502511709931047,2024-05-16
Hawaii,0.5168178045927576,0.16271951976753013,2024-05-16
Idaho,-0.8442875106784076,0.18707812544603275,2024-05-16
Illinois,0.22524408530195705,0.15479622967780146,2024-05-16
Indiana,-0.488723983767578,0.1657981214833741,2024-05-16
Iowa,-0.31177575494014614,0.16087317813451762,2024-05-16
Kansas,-0.474844790070563,0.16267715075937064,2024-05-16
Kentucky,-0.7184619721287361,0.17784827278462262,2024-05-16
Louisiana,-0.5372107020784888,0.1633805453854007,2024-05-16
Maine,0.02761541591199948,0.15107400221169154,2024-05-16
Maine 1,0.3157989126879568,0.15770772438102493,2024-05-16
Maine 2,-0.3045373292860763,0.1572189514870919,2024-05-16
Maryland,0.5358650242032569,0.1654662555389119,2024-05-16
Massachusetts,0.5517759429057943,0.16787072690521315,2024-05-16
Michigan,-0.08771826686595509,0.15450532018561805,2024-05-16
Minnesota,-0.01056504560408992,0.15835012856543482,2024-05-16
Mississippi,-0.4773248425862651,0.16030780692089802,2024-05-16
Missouri,-0.4781495195881093,0.16159940718341614,2024-05-16
Montana,-0.5079832495920755,0.169231998808335,2024-05-16
Nebraska,-0.5748565395973626,0.16435580919358125,2024-05-16
Nebraska 1,-0.4824849459350334,0.16605047203968448,2024-05-16
Nebraska 2,-0.03586638168966223,0.1516331661456749,2024-05-16
Nebraska 3,-1.4627317085840044,0.26254961730917875,2024-05-16
Nevada,-0.07818591043103065,0.15399534832078798,2024-05-16
New Hampshire,-0.015400699702308,0.15250229849632896,2024-05-16
New Jersey,0.18737648944246105,0.15881355630011315,2024-05-16
New Mexico,0.07972397474071363,0.15325692115708117,2024-05-16
New York,0.3474014854092477,0.1573916216176036,2024-05-16
North Carolina,-0.170324454979317,0.15768666220814961,2024-05-16
North Dakota,-0.9145259982900208,0.18540857081175477,2024-05-16
Ohio,-0.2994341184978037,0.16041677551587294,2024-05-16
Oklahoma,-0.8973540667210291,0.1882621260091845,2024-05-16
Oregon,0.18167293470363843,0.1587347554103972,2024-05-16
Pennsylvania,-0.11228677024130924,0.15543793158060387,2024-05-16
Rhode Island,0.28355892318212345,0.16171034167120144,2024-05-16
South Carolina,-0.39086963189112134,0.16049852499789807,2024-05-16
South Dakota,-0.7261423255952448,0.17420346833930528,2024-05-16
Tennessee,-0.6490778556165442,0.17383811001158953,2024-05-16
Texas,-0.26415159478737327,0.15493767329909552,2024-05-16
Utah,-0.5995942237350536,0.1701431885035122,2024-05-16
Vermont,0.5922482958856098,0.16820031753236794,2024-05-16
Virginia,0.05537381017799592,0.15615903340985435,2024-05-16
Washington,0.26029944483156364,0.15978563495021536,2024-05-16
West Virginia,-1.0369708128344026,0.19939100628009765,2024-05-16
Wisconsin,-0.1265409604042643,0.15485529657230596,2024-05-16
Wyoming,-1.2049292972696817,0.2192078962229514,2024-05-16
Alabama,-0.6848344797563619,0.16923968443218507,2024-05-17
Alaska,-0.37653194240545934,0.15954080751001895,2024-05-17
Arizona,-0.1507803054409371,0.15245011492350646,2024-05-17
Arkansas,-0.7332323213648972,0.17693460395618643,2024-05-17
California,0.494761223825134,0.1638911173398316,2024-05-17
Colorado,0.10420609884799932,0.1519783392831197,2024-05-17
Connecticut,0.251121856970462,0.15705045507042953,2024-05-17
Delaware,0.2324918739615594,0.1568018485300235,2024-05-17
District of Columbia,2.529712416962544,0.6797452428245574,2024-05-17
Florida,-0.18171343061669545,0.16211757116841868,2024-05-17
Georgia,-0.14937434825673512,0.1548103293783941,2024-05-17
Hawaii,0.5170559588130319,0.1625021157989772,2024-05-17
Idaho,-0.8439909620947114,0.18678445517242775,2024-05-17
Illinois,0.22547470613482,0.15459205521274638,2024-05-17
Indiana,-0.4884678036110072,0.1655294111807455,2024-05-17
Iowa,-0.311532315171244,0.1606377289466656,2024-05-17
Kansas,-0.4745907954499036,0.16243209966489233,2024-05-17
Kentucky,-0.7181840777860524,0.17759282163141457,2024-05-17
Louisiana,-0.5369520741554025,0.16313793212506736,2024-05-17
Maine,0.02784646267606935,0.15084709221361786,2024-05-17
Maine 1,0.3160306608659978,0.1574810652561403,2024-05-17
Maine 2,-0.3042942944135434,0.15697250492198034,2024-05-17
Maryland,0.5361022094391213,0.1652051307201026,2024-05-17
Massachusetts,0.5520167167079898,0.16767275935623535,2024-05-17
Michigan,-0.08748511709486209,0.1543078671306314,2024-05-17
Minnesota,-0.01033356639665093,0.15812732403620572,2024-05-17
Mississippi,-0.47707156050596233,0.16008185796917107,2024-05-17
Missouri,-0.47789471957515994,0.1613420359098595,2024-05-17
Montana,-0.5077262134842463,0.16899549310599912,2024-05-17
Nebraska,-0.574593293655863,0.16409372717048867,2024-05-17
Nebraska 1,-0.48223021549595674,0.16581014082887274,2024-05-17
Nebraska 2,-0.03563421475285522,0.15142401169474992,2024-05-17
Nebraska 3,-1.4622904150353335,0.2621263702418585,2024-05-17
Nevada,-0.0779527275353701,0.1537746215787573,2024-05-17
New Hampshire,-0.01516887256364634,0.1523158182764692,2024-05-17
New Jersey,0.18760750045347616,0.15862466902503003,2024-05-17
New Mexico,0.07995508709690086,0.1530685760009896,2024-05-17
New York,0.3476342694581114,0.15717557523834608,2024-05-17
North Carolina,-0.17008833317749267,0.1574763879208585,2024-05-17
North Dakota,-0.9142197145266712,0.1851097566374621,2024-05-17
Ohio,-0.2991922248932083,0.16020595084151532,2024-05-17
Oklahoma,-0.8970493035456013,0.1879550137065268,2024-05-17
Oregon,0.1819030012739296,0.158516012548223,2024-05-17
Pennsylvania,-0.11205248360479454,0.15522168004861275,2024-05-17
Rhode Island,0.283790785258221,0.16150738161681424,2024-05-17
South Carolina,-0.39062235575397425,0.16027633961898763,2024-05-17
South Dakota,-0.7258628799088591,0.17392919645369073,2024-05-17
Tennessee,-0.6488090389170736,0.17360559253371555,2024-05-17
Texas,-0.26391158743654264,0.15471784494901408,2024-05-17
Utah,-0.5993291134045411,0.1698986947037087,2024-05-17
Vermont,0.5924893913314938,0.1679650453921264,2024-05-17
Virginia,0.05560480169457577,0.15594318480128147,2024-05-17
Washington,0.2605300873924132,0.15957186960756078,2024-05-17
West Virginia,-1.0366401450618292,0.1990489036364982,2024-05-17
Wisconsin,-0.12630614780474184,0.15462834271614992,2024-05-17
Wyoming,-1.2045647777941393,0.21886075908324631,2024-05-17
Alabama,-0.6850382188693686,0.16910691027224264,2024-05-18
Alaska,-0.37672297566827134,0.15940819127840464,2024-05-18
Arizona,-0.15096790797593496,0.15231345134284724,2024-05-18
Arkansas,-0.7334359959615514,0.17675811340655825,2024-05-18
California,0.49455567503143416,0.16374829566243215,2024-05-18
Colorado,0.1040161910744663,0.15182540506454942,2024-05-18
Connecticut,0.2509275541905811,0.15689257597767756,2024-05-18
Delaware,0.23229825323290537,0.1566552953945931,2024-05-18
District of Columbia,2.5281356195024656,0.6756739166496132,2024-05-18
Florida,-0.1819012412234579,0.16197379303795853,2024-05-18
Georgia,-0.14956202346561764,0.15467178027345646,2024-05-18
Hawaii,0.5168482604874107,0.16234199137847669,2024-05-18
Idaho,-0.8442026694000848,0.1866214536645151,2024-05-18
Illinois,0.22528135070525185,0.15445124413231612,2024-05-18
Indiana,-0.4886610378962196,0.1653644436073581,2024-05-18
Iowa,-0.31172136570326614,0.16049064553488146,2024-05-18
Kansas,-0.4747842957278086,0.16228618000485892,2024-05-18
Kentucky,-0.718388858379487,0.17744961309889984,2024-05-18
Louisiana,-0.5371482230116026,0.1629962061537319,2024-05-18
Maine,0.02765784174647072,0.1506966422050772,2024-05-18
Maine 1,0.3158336942943212,0.15732036970261234,2024-05-18
Maine 2,-0.3044831066885882,0.15681588410417338,2024-05-18
Maryland,0.5358918146308996,0.16501246739560135,2024-05-18
Massachusetts,0.5518074559899506,0.16752848202723902,2024-05-18
Michigan,-0.08767309561858393,0.15418145810425388,2024-05-18
Minnesota,-0.01052205414360443,0.15797808501972582,2024-05-18
Mississippi,-0.4772657478608448,0.15994966136583014,2024-05-18
Missouri,-0.4780878343928686,0.1611838335329117,2024-05-18
Montana,-0.5079207812880386,0.168855086423085,2024-05-18
Nebraska,-0.5747899740876291,0.16393552493293256,2024-05-18
Nebraska 1,-0.48242387703454415,0.16566450366722693,2024-05-18
Nebraska 2,-0.03582221673687695,0.15128668622097555,2024-05-18
Nebraska 3,-1.46256948072969,0.26195661697074096,2024-05-18
Nevada,-0.07814053867316889,0.1536322073496579,2024-05-18
New Hampshire,-0.01535698518791875,0.15219678177745716,2024-05-18
New Jersey,0.1874157775258289,0.15849905377090198,2024-05-18
New Mexico,0.07976599444287608,0.15294633209415767,2024-05-18
New York,0.34743625894091157,0.15702279248849374,2024-05-18
North Carolina,-0.17027633390207653,0.1573435118830182,2024-05-18
North Dakota,-0.9144368497949736,0.18494549850693096,2024-05-18
Ohio,-0.29938175273327056,0.1600780105698777,2024-05-18
Oklahoma,-0.8972644064736545,0.18778296621971624,2024-05-18
Oregon,0.1817106646509328,0.1583656238168021,2024-05-18
Pennsylvania,-0.11224003830025936,0.1550810135297467,2024-05-18
Rhode Island,0.2835955345820584,0.16136652917157293,2024-05-18
South Carolina,-0.3908138882431158,0.160141803656677,2024-05-18
South Dakota,-0.7260676931728777,0.1737726581900517,2024-05-18
Tennessee,-0.6490110237538047,0.17347528150586794,2024-05-18
Texas,-0.264100348652701,0.15458090268944125,2024-05-18
Utah,-0.5995276966519916,0.16975687396090855,2024-05-18
Vermont,0.5922758567520248,0.1677887902718364,2024-05-18
Virginia,0.05541586711487931,0.15579901765665397,2024-05-18
Washington,0.26033505905962295,0.15942165700802613,2024-05-18
West Virginia,-1.0368659296251586,0.19886561924165597,2024-05-18
Wisconsin,-0.12649368445257603,0.1544828959711648,2024-05-18
Wyoming,-1.2048097775982778,0.21869332185157897,2024-05-18
Alabama,-0.6859137330555978,0.1691183046656778,2024-05-19
Alaska,-0.3775307351690401,0.15939059921120524,2024-05-19
Arizona,-0.15175212123478274,0.15227954407459454,2024-05-19
Arkansas,-0.7343248288850076,0.17674815189354687,2024-05-19
California,0.4937238542475424,0.16366994599988105,2024-05-19
Colorado,0.10323336010468497,0.15176733577798232,2024-05-19
Connecticut,0.25013351384665244,0.15682040769134853,2024-05-19
Delaware,0.23150605176640335,0.1565923232382541,2024-05-19
District of Columbia,2.5271608917028825,0.6839778575809579,2024-05-19
Florida,-0.18268814748233397,0.16193897334221105,2024-05-19
Georgia,-0.15034640088547466,0.1546345221284254,2024-05-19
Hawaii,0.5160114813410226,0.1622561599479243,2024-05-19
Idaho,-0.845130620958419,0.18663506093616655,2024-05-19
Illinois,0.2244900306126428,0.15439334171160013,2024-05-19
Indiana,-0.4894880341504525,0.16533976933663477,2024-05-19
Iowa,-0.31252023246675464,0.16046197358913408,2024-05-19
Kansas,-0.4756088639942061,0.16227338520429274,2024-05-19
Kentucky,-0.719274291056173,0.17745729314927186,2024-05-19
Louisiana,-0.5379857101742082,0.16298981169496546,2024-05-19
Maine,0.02687730116057964,0.15064789926757968,2024-05-19
Maine 1,0.3150319971056921,0.15724683427443986,2024-05-19
Maine 2,-0.30528075510282976,0.15677978225830197,2024-05-19
Maryland,0.5350501097491305,0.16491044657201087,2024-05-19
Massachusetts,0.5509632189832615,0.16745313606390108,2024-05-19
Michigan,-0.0884549202772707,0.1541488658853587,2024-05-19
Minnesota,-0.0113029222473768,0.15792679116001987,2024-05-19
Mississippi,-0.4780909552524937,0.15994279489385335,2024-05-19
Missouri,-0.4789124555871066,0.16115901213417233,2024-05-19
Montana,-0.5087520610808167,0.16884370485465452,2024-05-19
Nebraska,-0.575635161116301,0.16391672523376885,2024-05-19
Nebraska 1,-0.48324978152738646,0.1656459166462702,2024-05-19
Nebraska 2,-0.03660262997608709,0.15124442824632386,2024-05-19
Nebraska 3,-1.4638631125965744,0.2621320381811455,2024-05-19
Nevada,-0.0789220274724357,0.15359408557949245,2024-05-19
New Hampshire,-0.01613734260612004,0.15216627495884824,2024-05-19
New Jersey,0.18662767974524852,0.15845622586632635,2024-05-19
New Mexico,0.07898424233952636,0.15291083334272892,2024-05-19
New York,0.3466304896065414,0.15695289975670365,2024-05-19
North Carolina,-0.17106224416150723,0.15731340167087177,2024-05-19
North Dakota,-0.9153916612590774,0.1849628238874288,2024-05-19
Ohio,-0.30017948878718104,0.16006031389016806,2024-05-19
Oklahoma,-0.8982121709881787,0.18779393514863357,2024-05-19
Oregon,0.1809225698369811,0.158305807527771,2024-05-19
Pennsylvania,-0.11302265117726688,0.1550408872532935,2024-05-19
Rhode Island,0.2827978823407311,0.1613072178969106,2024-05-19
South Carolina,-0.3916239693859333,0.16012422044635122,2024-05-19
South Dakota,-0.7269549882433752,0.17377496979457743,2024-05-19
Tennessee,-0.6498766999308022,0.17348158823817972,2024-05-19
Texas,-0.2648938003361404,0.1545544859325691,2024-05-19
Utah,-0.6003797996280216,0.16975291161332395,2024-05-19
Vermont,0.5914207957518354,0.16768933380187445,2024-05-19
Virginia,0.05463447999224661,0.15574991261162732,2024-05-19
Washington,0.2595397329814463,0.15935522573250974,2024-05-19
West Virginia,-1.037876028302333,0.19889769452801392,2024-05-19
Wisconsin,-0.12727697401804688,0.15444626981544252,2024-05-19
Wyoming,-1.2059135665313234,0.2187692081635415,2024-05-19
Alabama,-0.6843365485160144,0.1689881171920025,2024-05-20
Alaska,-0.3760778443188976,0.15931807261970474,2024-05-20
Arizona,-0.15034322204485723,0.1522360977511634,2024-05-20
Arkansas,-0.7327209947632232,0.17662409590722522,2024-05-20
California,0.4952130147432628,0.16371019368112272,2024-05-20
Colorado,0.1046375672119243,0.15175841729573042,2024-05-20
Connecticut,0.2515566708992817,0.15683555120735465,2024-05-20
Delaware,0.23292593138171008,0.15659862820173742,2024-05-20
District of Columbia,2.5316063480596536,0.6848104964103354,2024-05-20
Florida,-0.18127421523032705,0.16189117004002104,2024-05-20
Georgia,-0.14893739694803051,0.15459614998558652,2024-05-20
Hawaii,0.517508685908089,0.16229706782843403,2024-05-20
Idaho,-0.8434555288318265,0.18647527273561235,2024-05-20
Illinois,0.2259083995743199,0.15439436534077827,2024-05-20
Indiana,-0.48799885483880456,0.16525429942755654,2024-05-20
Iowa,-0.31108346648586443,0.16039926005406624,2024-05-20
Kansas,-0.47412468052254375,0.16218023813582738,2024-05-20
Kentucky,-0.7176782493032862,0.17732581599005123,2024-05-20
Louisiana,-0.5364779806170294,0.1628875173186843,2024-05-20
Maine,0.02827795025648892,0.15062250963544122,2024-05-20
Maine 1,0.31646804537419027,0.15726247092755574,2024-05-20
Maine 2,-0.3038462192399088,0.15672399015021593,2024-05-20
Maryland,0.5365550032142865,0.1649561571507877,2024-05-20
Massachusetts,0.552474106135417,0.16748634741642535,2024-05-20
Michigan,-0.08705112283688332,0.1541114065824464,2024-05-20
Minnesota,-0.00990151395844715,0.15790730985194132,2024-05-20
Mississippi,-0.4766060632926936,0.15984933737804452,2024-05-20
Missouri,-0.4774277768979074,0.16107949920066553,2024-05-20
Montana,-0.5072553501513083,0.16875230359684393,2024-05-20
Nebraska,-0.5741124948047112,0.16382530357719652,2024-05-20
Nebraska 1,-0.4817630554163379,0.16556450165526182,2024-05-20
Nebraska 2,-0.03520156919501274,0.15121714461557886,2024-05-20
Nebraska 3,-1.461515460709362,0.2616461686865681,2024-05-20
Nevada,-0.07751882524837135,0.1535540897438383,2024-05-20
New Hampshire,-0.01473659656952534,0.15213087770407294,2024-05-20
New Jersey,0.1880408125591373,0.15843969112191905,2024-05-20
New Mexico,0.08038697335774202,0.15288262612894785,2024-05-20
New York,0.3480738684645302,0.15696795686066406,2024-05-20
North Carolina,-0.16965034880260368,0.15726534966381978,2024-05-20
North Dakota,-0.9136674310892464,0.18479484226231616,2024-05-20
Ohio,-0.2987454005325779,0.15999174518635964,2024-05-20
Oklahoma,-0.896500339646158,0.18763209705130177,2024-05-20
Oregon,0.1823352430866128,0.15830255427190734,2024-05-20
Pennsylvania,-0.11161707164832346,0.15500654049557205,2024-05-20
Rhode Island,0.2842273834440786,0.16131099962797407,2024-05-20
South Carolina,-0.3901669516389212,0.16005002229844162,2024-05-20
South Dakota,-0.7253551260921973,0.17364311462096024,2024-05-20
Tennessee,-0.6483175699925647,0.17336341419337142,2024-05-20
Texas,-0.2634676083901659,0.1544960131706065,2024-05-20
Utah,-0.5988448261676418,0.16964577087592084,2024-05-20
Vermont,0.5929496873686634,0.16774374266577102,2024-05-20
Virginia,0.05603647362219179,0.1557303318331583,2024-05-20
Washington,0.26096477988223493,0.15936538239402442,2024-05-20
West Virginia,-1.0360489609856574,0.19868462895747804,2024-05-20
Wisconsin,-0.12587006694436048,0.15440075342227205,2024-05-20
Wyoming,-1.2039158709228612,0.2184825807411096,2024-05-20
Alabama,-0.6837238152941943,0.168797298553323,2024-05-21
Alaska,-0.3755163659580977,0.15915640482231028,2024-05-21
Arizona,-0.14980091696576264,0.15208525182994273,2024-05-21
Arkansas,-0.7320946054015454,0.1763932904797222,2024-05-21
California,0.4957796013265248,0.16359661787137178,2024-05-21
Colorado,0.1051753633280317,0.1516091681551902,2024-05-21
Connecticut,0.2521000710571711,0.1566938748701616,2024-05-21
Delaware,0.23346815945428845,0.15646360708036913,2024-05-21
District of Columbia,2.5318295061651885,0.6748225783583135,2024-05-21
Florida,-0.1807296032873359,0.16173061694005383,2024-05-21
Georgia,-0.14839515774220854,0.15444590037690445,2024-05-21
Hawaii,0.5180772839385925,0.16216697290668317,2024-05-21
Idaho,-0.842800366735659,0.1862396562311472,2024-05-21
Illinois,0.2264502340769743,0.15426229467495045,2024-05-21
Indiana,-0.4874209956342102,0.16505405167728066,2024-05-21
Iowa,-0.31052838642687464,0.16022810153520897,2024-05-21
Kansas,-0.4735496684586959,0.16199487305210106,2024-05-21
Kentucky,-0.7170569157291649,0.17712396215511148,2024-05-21
Louisiana,-0.5358934753678064,0.1627018361701977,2024-05-21
Maine,0.02881510160369143,0.15046726475831637,2024-05-21
Maine 1,0.3170154987546652,0.1571183190497264,2024-05-21
Maine 2,-0.3032919984664202,0.15654706000342355,2024-05-21
Maryland,0.53712492003229,0.1647961330022294,2024-05-21
Massachusetts,0.553048319710836,0.16736773989249917,2024-05-21
Michigan,-0.08651181455876493,0.15397361151681543,2024-05-21
Minnesota,-0.00936387296937086,0.15775608993073628,2024-05-21
Mississippi,-0.4760314168483305,0.1596776032222922,2024-05-21
Missouri,-0.4768521586795839,0.16088920504329107,2024-05-21
Montana,-0.5066749258658787,0.16857324676969274,2024-05-21
Nebraska,-0.5735208285535579,0.1636290109931497,2024-05-21
Nebraska 1,-0.4811868230215718,0.16538541154763378,2024-05-21
Nebraska 2,-0.03466359715520951,0.1510739414311214,2024-05-21
Nebraska 3,-1.4605815193170513,0.26124031894877864,2024-05-21
Nevada,-0.07697959269774532,0.15339922813667728,2024-05-21
New Hampshire,-0.01419895733274217,0.152001525052054,2024-05-21
New Jersey,0.18858149093136273,0.15831334438613492,2024-05-21
New Mexico,0.08092477510994701,0.1527537108163852,2024-05-21
New York,0.3486240265145964,0.1568313984371707,2024-05-21
North Carolina,-0.16910693174380045,0.157115602784548,2024-05-21
North Dakota,-0.9129923860151716,0.1845542380138045,2024-05-21
Ohio,-0.2981920827426401,0.1598364946110644,2024-05-21
Oklahoma,-0.8958296081036142,0.18738683029528116,2024-05-21
Oregon,0.18287507918240367,0.1581586328786263,2024-05-21
Pennsylvania,-0.1110764904535482,0.15485626161654822,2024-05-21
Rhode Island,0.28477309993213856,0.16118022390950446,2024-05-21
South Carolina,-0.3896038591902167,0.15988557595704384,2024-05-21
South Dakota,-0.7247317292043015,0.1734280047705551,2024-05-21
Tennessee,-0.647712378398467,0.17318087926514392,2024-05-21
Texas,-0.26291765911192405,0.1543372287546839,2024-05-21
Utah,-0.5982486646967822,0.1694574031578414,2024-05-21
Vermont,0.5935289588766075,0.16760463726093158,2024-05-21
Virginia,0.0565739737151731,0.1555841288344833,2024-05-21
Washington,0.2615084334833426,0.15922868314340596,2024-05-21
West Virginia,-1.03532959504997,0.19840267223272115,2024-05-21
Wisconsin,-0.12532875306566824,0.15423995908156826,2024-05-21
Wyoming,-1.2031278267076235,0.21817939994617896,2024-05-21
Alabama,-0.6840640894941654,0.16866953521561692,2024-05-22
Alaska,-0.3758332488091182,0.15902312399067892,2024-05-22
Arizona,-0.1501106673618795,0.15194503218058666,2024-05-22
Arkansas,-0.7324366291909283,0.17621467323636103,2024-05-22
California,0.4954444355142347,0.16344412135336392,2024-05-22
Colorado,0.10486347460568228,0.15144774121178767,2024-05-22
Connecticut,0.25178212317487053,0.156525125601858,2024-05-22
Delaware,0.23315105480971723,0.15630841793952732,2024-05-22
District of Columbia,2.531019446807731,0.67539282611263185,2024-05-22
Florida,-0.18104005047993324,0.16158172654053915,2024-05-22
Georgia,-0.14870502848657646,0.1543029512942837,2024-05-22
Hawaii,0.5177392051621268,0.16199493063511708,2024-05-22
Idaho,-0.8431565364137402,0.1860794356941848,2024-05-22
Illinois,0.22613355796850115,0.1541142635190869,2024-05-22
Indiana,-0.4877430565580568,0.1648845147629402,2024-05-22
Iowa,-0.3108418689640391,0.16007705303584058,2024-05-22
Kansas,-0.4738716386655869,0.16184797432551204,2024-05-22
Kentucky,-0.7173997865863564,0.17698398521586084,2024-05-22
Louisiana,-0.5362201824705831,0.16256089487010444,2024-05-22
Maine,0.02850483962155432,0.15030989564168482,2024-05-22
Maine 1,0.31669356228176865,0.1569465477276551,2024-05-22
Maine 2,-0.3036050421037759,0.15638485967654747,2024-05-22
Maryland,0.5367831995089334,0.16458603143778236,2024-05-22
Massachusetts,0.5527075253280804,0.16721429281715663,2024-05-22
Michigan,-0.08682165731962076,0.15384451592113418,2024-05-22
Minnesota,-0.00967415030788191,0.15759907791897307,2024-05-22
Mississippi,-0.47635428665404944,0.15954691494478404,2024-05-22
Missouri,-0.47717370726461217,0.1607274871912226,2024-05-22
Montana,-0.5069989396718462,0.16843237650361362,2024-05-22
Nebraska,-0.5738491972647156,0.16346863443461537,2024-05-22
Nebraska 1,-0.4815091802339148,0.16523781425766826,2024-05-22
Nebraska 2,-0.03497316369684057,0.15093178599970714,2024-05-22
Nebraska 3,-1.461062444495281,0.26110304692025477,2024-05-22
Nevada,-0.07728923614260859,0.15325184554937665,2024-05-22
New Hampshire,-0.01450867948451536,0.1518809488798534,2024-05-22
New Jersey,0.18826692529339945,0.15818354539618626,2024-05-22
New Mexico,0.08061391853906576,0.15262887998281746,2024-05-22
New York,0.34830042883900714,0.1566689661996644,2024-05-22
North Carolina,-0.1694173368971889,0.1569796416317479,2024-05-22
North Dakota,-0.9133582570842448,0.1843943593454027,2024-05-22
Ohio,-0.29850593659597374,0.159707850749353,2024-05-22
Oklahoma,-0.8961923140248043,0.18721710465975197,2024-05-22
Oregon,0.18255985408574632,0.15799944159269094,2024-05-22
Pennsylvania,-0.1113860527681366,0.15471058713702338,2024-05-22
Rhode Island,0.28445360172791956,0.1610316421532656,2024-05-22
South Carolina,-0.3899216113767134,0.15975019765633253,2024-05-22
South Dakota,-0.7250748032352625,0.17327295140068152,2024-05-22
Tennessee,-0.6480493239437372,0.17305434014014076,2024-05-22
Texas,-0.26323009864462116,0.15419790106713552,2024-05-22
Utah,-0.598579992326812,0.16931668513758333,2024-05-22
Vermont,0.5931820865387436,0.16741318543616865,2024-05-22
Virginia,0.05626324620890011,0.15543314999177818,2024-05-22
Washington,0.2611894739941376,0.15906895731191403,2024-05-22
West Virginia,-1.0357127401757351,0.19822508608287223,2024-05-22
Wisconsin,-0.12563838664788554,0.1540894382824537,2024-05-22
Wyoming,-1.2035449519431676,0.21802713658693385,2024-05-22
Alabama,-0.6854472508289706,0.1688314941008485,2024-05-23
Alaska,-0.3771064579765976,0.1591322623229028,2024-05-23
Arizona,-0.15134457240516913,0.15202887895773026,2024-05-23
Arkansas,-0.7338442520706767,0.17638581337417122,2024-05-23
California,0.4941424090374527,0.1634530083274844,2024-05-23
Colorado,0.10363458815639057,0.15150546869009904,2024-05-23
Connecticut,0.25053713308823977,0.1565623517937127,2024-05-23
Delaware,0.2319089548159034,0.15634993099983047,2024-05-23
District of Columbia,2.5267395602434997,0.6768314329856939,2024-05-23
Florida,-0.18227846836921405,0.16167218783117143,2024-05-23
Georgia,-0.1499389837880857,0.1543828779086846,2024-05-23
Hawaii,0.5164304903552587,0.16200909719022308,2024-05-23
Idaho,-0.844626979769328,0.1862786819862741,2024-05-23
Illinois,0.22489268964941303,0.1541586586229032,2024-05-23
Indiana,-0.4890488210067162,0.16501667041063528,2024-05-23
Iowa,-0.31210090473284835,0.16018215754927087,2024-05-23
Kansas,-0.4751726988061917,0.16198061669050995,2024-05-23
Kentucky,-0.7187999119915138,0.17715063727615468,2024-05-23
Louisiana,-0.5375419645809005,0.1627004076716302,2024-05-23
Maine,0.02727882363540804,0.15038189659608314,2024-05-23
Maine 1,0.31543759919504877,0.15698428550879556,2024-05-23
Maine 2,-0.3048620776944612,0.15648688113580014,2024-05-23
Maryland,0.5354683633805828,0.16460700526074992,2024-05-23
Massachusetts,0.5513867085381643,0.16723012663551148,2024-05-23
Michigan,-0.0880507727219183,0.1539194823836863,2024-05-23
Minnesota,-0.01090087518021725,0.1576653396833288,2024-05-23
Mississippi,-0.47765572066713335,0.15967499707877014,2024-05-23
Missouri,-0.4784753955609648,0.16085158665926275,2024-05-23
Montana,-0.5083111283978599,0.1685614150599535,2024-05-23
Nebraska,-0.5751845532976398,0.16360361815715316,2024-05-23
Nebraska 1,-0.4828125506050129,0.16535956630227153,2024-05-23
Nebraska 2,-0.03619976664954878,0.15100104044147056,2024-05-23
Nebraska 3,-1.4631282801472645,0.2616022251537103,2024-05-23
Nevada,-0.07851782568601452,0.15333457253901034,2024-05-23
New Hampshire,-0.01573493655860839,0.15195136269616083,2024-05-23
New Jersey,0.18703040232928864,0.15823902234708076,2024-05-23
New Mexico,0.07938607237562606,0.1526939159445282,2024-05-23
New York,0.3470381009167883,0.1567044496304153,2024-05-23
North Carolina,-0.1706538411716513,0.15706651756196371,2024-05-23
North Dakota,-0.9148720845917288,0.18460131396333737,2024-05-23
Ohio,-0.2997623492186424,0.15981189938884455,2024-05-23
Oklahoma,-0.8976953867301192,0.18742111909151407,2024-05-23
Oregon,0.1813239877633837,0.15805115067639972,2024-05-23
Pennsylvania,-0.11261691176503068,0.154787504437551,2024-05-23
Rhode Island,0.2832031292281356,0.16107356099453898,2024-05-23
South Carolina,-0.3911983962922992,0.159861579984587,2024-05-23
South Dakota,-0.7264784101330111,0.1734444189793906,2024-05-23
Tennessee,-0.6494164606522266,0.1732044848541298,2024-05-23
Texas,-0.26447947250070863,0.15429562203994548,2024-05-23
Utah,-0.5999260636858618,0.16946069802868527,2024-05-23
Vermont,0.5918461806563661,0.16742043227311867,2024-05-23
Virginia,0.05503609206288344,0.15549778296815742,2024-05-23
Washington,0.2599429820899102,0.1591082194458862,2024-05-23
West Virginia,-1.0373180991040871,0.1984795831212657,2024-05-23
Wisconsin,-0.1268704826017363,0.15417835696291182,2024-05-23
Wyoming,-1.2053007846898005,0.2183434529766664,2024-05-23
Alabama,-0.6866823680846006,0.16884703516892602,2024-05-24
Alaska,-0.3782458507056793,0.1591060548941701,2024-05-24
Arizona,-0.1524507140847515,0.15197940643941982,2024-05-24
Arkansas,-0.7350978379719297,0.17636669190322937,2024-05-24
California,0.4929692963858792,0.16334188817883055,2024-05-24
Colorado,0.10253044897841054,0.15142072117332406,2024-05-24
Connecticut,0.24941717729014817,0.156457582706412,2024-05-24
Delaware,0.23079164047399975,0.1562590095409176,2024-05-24
District of Columbia,2.5204009176893347,0.6628433241939866,2024-05-24
Florida,-0.18338830488311983,0.16162005588780326,2024-05-24
Georgia,-0.15104527600034456,0.15432841834937133,2024-05-24
Hawaii,0.515250371057301,0.16188612133859034,2024-05-24
Idaho,-0.845935888950612,0.1862943070033841,2024-05-24
Illinois,0.22377656746244015,0.1540755465694701,2024-05-24
Indiana,-0.4902152243108902,0.1649772693459763,2024-05-24
Iowa,-0.3132276302655517,0.1601386449512835,2024-05-24
Kansas,-0.4763357495129013,0.16195988218204196,2024-05-24
Kentucky,-0.7200488582369304,0.17715946706063437,2024-05-24
Louisiana,-0.5387232996482575,0.16268939891710638,2024-05-24
Maine,0.02617794428948346,0.15031033780745798,2024-05-24
Maine 1,0.3143068854012785,0.1568775542199118,2024-05-24
Maine 2,-0.3059870942238805,0.1564323343868372,2024-05-24
Maryland,0.5342811411995689,0.16445798490842722,2024-05-24
Massachusetts,0.5501961174402049,0.16712320003524456,2024-05-24
Michigan,-0.08915363528466165,0.1538727559033186,2024-05-24
Minnesota,-0.0120022240672045,0.15758988342620095,2024-05-24
Mississippi,-0.4788196827251235,0.15966424740749913,2024-05-24
Missouri,-0.4796384738588553,0.16081307625575725,2024-05-24
Montana,-0.5094836426249921,0.16854297649647895,2024-05-24
Nebraska,-0.576376669825858,0.163573921404037,2024-05-24
Nebraska 1,-0.483977479785256,0.16533061341863448,2024-05-24
Nebraska 2,-0.03730056628857287,0.1509398639854331,2024-05-24
Nebraska 3,-1.4649536479720284,0.261848594081876,2024-05-24
Nevada,-0.07962004613951511,0.15327848397655408,2024-05-24
New Hampshire,-0.01683562720096807,0.15190837019559034,2024-05-24
New Jersey,0.18591896603546348,0.15817811899146608,2024-05-24
New Mexico,0.07828353434822186,0.1526437467564447,2024-05-24
New York,0.34590167313879205,0.15660364533051327,2024-05-24
North Carolina,-0.1717623793635573,0.15702242402180172,2024-05-24
North Dakota,-0.9162189612071798,0.1846228750743073,2024-05-24
Ohio,-0.3008875700602982,0.1597857424351184,2024-05-24
Oklahoma,-0.8990321800076548,0.1874324699344432,2024-05-24
Oregon,0.18021247054873976,0.15796395677857578,2024-05-24
Pennsylvania,-0.113720686165988,0.15472871510603364,2024-05-24
Rhode Island,0.2820781379512599,0.16098825108366674,2024-05-24
South Carolina,-0.3923410739189476,0.15983525214921174,2024-05-24
South Dakota,-0.7277300329434194,0.17344470869107848,2024-05-24
Tennessee,-0.6506377541498338,0.17321266687249542,2024-05-24
Texas,-0.2655986659229774,0.15425662320440842,2024-05-24
Utah,-0.6011280660936431,0.1694529972501017,2024-05-24
Vermont,0.5906403261439974,0.1672771042503832,2024-05-24
Virginia,0.05393409314914779,0.1554260857194968,2024-05-24
Washington,0.25882121195801205,0.15901206840147214,2024-05-24
West Virginia,-1.0387428413774185,0.1985204331655585,2024-05-24
Wisconsin,-0.12797520599079476,0.15412401507793966,2024-05-24
Wyoming,-1.2068580037209693,0.2184483895080404,2024-05-24
Alabama,-0.6866823680846006,0.16884703516892602,2024-05-25
Alaska,-0.3782458507056793,0.1591060548941701,2024-05-25
Arizona,-0.1524507140847515,0.15197940643941982,2024-05-25
Arkansas,-0.7350978379719297,0.17636669190322937,2024-05-25
California,0.4929692963858792,0.16334188817883055,2024-05-25
Colorado,0.10253044897841054,0.15142072117332406,2024-05-25
Connecticut,0.24941717729014817,0.156457582706412,2024-05-25
Delaware,0.23079164047399975,0.1562590095409176,2024-05-25
District of Columbia,2.5204009176893347,0.6628433241939866,2024-05-25
Florida,-0.18338830488311983,0.16162005588780326,2024-05-25
Georgia,-0.15104527600034456,0.15432841834937133,2024-05-25
Hawaii,0.515250371057301,0.16188612133859034,2024-05-25
Idaho,-0.845935888950612,0.1862943070033841,2024-05-25
Illinois,0.22377656746244015,0.1540755465694701,2024-05-25
Indiana,-0.4902152243108902,0.1649772693459763,2024-05-25
Iowa,-0.3132276302655517,0.1601386449512835,2024-05-25
Kansas,-0.4763357495129013,0.16195988218204196,2024-05-25
Kentucky,-0.7200488582369304,0.17715946706063437,2024-05-25
Louisiana,-0.5387232996482575,0.16268939891710638,2024-05-25
Maine,0.02617794428948346,0.15031033780745798,2024-05-25
Maine 1,0.3143068854012785,0.1568775542199118,2024-05-25
Maine 2,-0.3059870942238805,0.1564323343868372,2024-05-25
Maryland,0.5342811411995689,0.16445798490842722,2024-05-25
Massachusetts,0.5501961174402049,0.16712320003524456,2024-05-25
Michigan,-0.08915363528466165,0.1538727559033186,2024-05-25
Minnesota,-0.0120022240672045,0.15758988342620095,2024-05-25
Mississippi,-0.4788196827251235,0.15966424740749913,2024-05-25
Missouri,-0.4796384738588553,0.16081307625575725,2024-05-25
Montana,-0.5094836426249921,0.16854297649647895,2024-05-25
Nebraska,-0.576376669825858,0.163573921404037,2024-05-25
Nebraska 1,-0.483977479785256,0.16533061341863448,2024-05-25
Nebraska 2,-0.03730056628857287,0.1509398639854331,2024-05-25
Nebraska 3,-1.4649536479720284,0.261848594081876,2024-05-25
Nevada,-0.07962004613951511,0.15327848397655408,2024-05-25
New Hampshire,-0.01683562720096807,0.15190837019559034,2024-05-25
New Jersey,0.18591896603546348,0.15817811899146608,2024-05-25
New Mexico,0.07828353434822186,0.1526437467564447,2024-05-25
New York,0.34590167313879205,0.15660364533051327,2024-05-25
North Carolina,-0.1717623793635573,0.15702242402180172,2024-05-25
North Dakota,-0.9162189612071798,0.1846228750743073,2024-05-25
Ohio,-0.3008875700602982,0.1597857424351184,2024-05-25
Oklahoma,-0.8990321800076548,0.1874324699344432,2024-05-25
Oregon,0.18021247054873976,0.15796395677857578,2024-05-25
Pennsylvania,-0.113720686165988,0.15472871510603364,2024-05-25
Rhode Island,0.2820781379512599,0.16098825108366674,2024-05-25
South Carolina,-0.3923410739189476,0.15983525214921174,2024-05-25
South Dakota,-0.7277300329434194,0.17344470869107848,2024-05-25
Tennessee,-0.6506377541498338,0.17321266687249542,2024-05-25
Texas,-0.2655986659229774,0.15425662320440842,2024-05-25
Utah,-0.6011280660936431,0.1694529972501017,2024-05-25
Vermont,0.5906403261439974,0.1672771042503832,2024-05-25
Virginia,0.05393409314914779,0.1554260857194968,2024-05-25
Washington,0.25882121195801205,0.15901206840147214,2024-05-25
West Virginia,-1.0387428413774185,0.1985204331655585,2024-05-25
Wisconsin,-0.12797520599079476,0.15412401507793966,2024-05-25
Wyoming,-1.2068580037209693,0.2184483895080404,2024-05-25
Alabama,-0.6866823680846006,0.16884703516892602,2024-05-26
Alaska,-0.3782458507056793,0.1591060548941701,2024-05-26
Arizona,-0.1524507140847515,0.15197940643941982,2024-05-26
Arkansas,-0.7350978379719297,0.17636669190322937,2024-05-26
California,0.4929692963858792,0.16334188817883055,2024-05-26
Colorado,0.10253044897841054,0.15142072117332406,2024-05-26
Connecticut,0.24941717729014817,0.156457582706412,2024-05-26
Delaware,0.23079164047399975,0.1562590095409176,2024-05-26
District of Columbia,2.5204009176893347,0.6628433241939866,2024-05-26
Florida,-0.18338830488311983,0.16162005588780326,2024-05-26
Georgia,-0.15104527600034456,0.15432841834937133,2024-05-26
Hawaii,0.515250371057301,0.16188612133859034,2024-05-26
Idaho,-0.845935888950612,0.1862943070033841,2024-05-26
Illinois,0.22377656746244015,0.1540755465694701,2024-05-26
Indiana,-0.4902152243108902,0.1649772693459763,2024-05-26
Iowa,-0.3132276302655517,0.1601386449512835,2024-05-26
Kansas,-0.4763357495129013,0.16195988218204196,2024-05-26
Kentucky,-0.7200488582369304,0.17715946706063437,2024-05-26
Louisiana,-0.5387232996482575,0.16268939891710638,2024-05-26
Maine,0.02617794428948346,0.15031033780745798,2024-05-26
Maine 1,0.3143068854012785,0.1568775542199118,2024-05-26
Maine 2,-0.3059870942238805,0.1564323343868372,2024-05-26
Maryland,0.5342811411995689,0.16445798490842722,2024-05-26
Massachusetts,0.5501961174402049,0.16712320003524456,2024-05-26
Michigan,-0.08915363528466165,0.1538727559033186,2024-05-26
Minnesota,-0.0120022240672045,0.15758988342620095,2024-05-26
Mississippi,-0.4788196827251235,0.15966424740749913,2024-05-26
Missouri,-0.4796384738588553,0.16081307625575725,2024-05-26
Montana,-0.5094836426249921,0.16854297649647895,2024-05-26
Nebraska,-0.576376669825858,0.163573921404037,2024-05-26
Nebraska 1,-0.483977479785256,0.16533061341863448,2024-05-26
Nebraska 2,-0.03730056628857287,0.1509398639854331,2024-05-26
Nebraska 3,-1.4649536479720284,0.261848594081876,2024-05-26
Nevada,-0.07962004613951511,0.15327848397655408,2024-05-26
New Hampshire,-0.01683562720096807,0.15190837019559034,2024-05-26
New Jersey,0.18591896603546348,0.15817811899146608,2024-05-26
New Mexico,0.07828353434822186,0.1526437467564447,2024-05-26
New York,0.34590167313879205,0.15660364533051327,2024-05-26
North Carolina,-0.1717623793635573,0.15702242402180172,2024-05-26
North Dakota,-0.9162189612071798,0.1846228750743073,2024-05-26
Ohio,-0.3008875700602982,0.1597857424351184,2024-05-26
Oklahoma,-0.8990321800076548,0.1874324699344432,2024-05-26
Oregon,0.18021247054873976,0.15796395677857578,2024-05-26
Pennsylvania,-0.113720686165988,0.15472871510603364,2024-05-26
Rhode Island,0.2820781379512599,0.16098825108366674,2024-05-26
South Carolina,-0.3923410739189476,0.15983525214921174,2024-05-26
South Dakota,-0.7277300329434194,0.17344470869107848,2024-05-26
Tennessee,-0.6506377541498338,0.17321266687249542,2024-05-26
Texas,-0.2655986659229774,0.15425662320440842,2024-05-26
Utah,-0.6011280660936431,0.1694529972501017,2024-05-26
Vermont,0.5906403261439974,0.1672771042503832,2024-05-26
Virginia,0.05393409314914779,0.1554260857194968,2024-05-26
Washington,0.25882121195801205,0.15901206840147214,2024-05-26
West Virginia,-1.0387428413774185,0.1985204331655585,2024-05-26
Wisconsin,-0.12797520599079476,0.15412401507793966,2024-05-26
Wyoming,-1.2068580037209693,0.2184483895080404,2024-05-26
Alabama,-0.6866823680846006,0.16884703516892602,2024-05-27
Alaska,-0.3782458507056793,0.1591060548941701,2024-05-27
Arizona,-0.1524507140847515,0.15197940643941982,2024-05-27
Arkansas,-0.7350978379719297,0.17636669190322937,2024-05-27
California,0.49296929638587916,0.16334188817883055,2024-05-27
Colorado,0.10253044897841054,0.15142072117332406,2024-05-27
Connecticut,0.24941717729014817,0.156457582706412,2024-05-27
Delaware,0.23079164047399975,0.1562590095409176,2024-05-27
District of Columbia,2.5204009176893347,0.6628433241939866,2024-05-27
Florida,-0.18338830488311983,0.16162005588780326,2024-05-27
Georgia,-0.15104527600034456,0.15432841834937133,2024-05-27
Hawaii,0.515250371057301,0.16188612133859034,2024-05-27
Idaho,-0.845935888950612,0.18629430700338406,2024-05-27
Illinois,0.22377656746244015,0.1540755465694701,2024-05-27
Indiana,-0.4902152243108902,0.1649772693459763,2024-05-27
Iowa,-0.3132276302655517,0.16013864495128347,2024-05-27
Kansas,-0.47633574951290125,0.16195988218204196,2024-05-27
Kentucky,-0.7200488582369304,0.17715946706063435,2024-05-27
Louisiana,-0.5387232996482575,0.16268939891710638,2024-05-27
Maine,0.026177944289483467,0.15031033780745798,2024-05-27
Maine 1,0.3143068854012785,0.15687755421991179,2024-05-27
Maine 2,-0.3059870942238805,0.1564323343868372,2024-05-27
Maryland,0.5342811411995689,0.16445798490842722,2024-05-27
Massachusetts,0.5501961174402049,0.16712320003524456,2024-05-27
Michigan,-0.08915363528466165,0.15387275590331861,2024-05-27
Minnesota,-0.012002224067204501,0.15758988342620095,2024-05-27
Mississippi,-0.4788196827251235,0.15966424740749913,2024-05-27
Missouri,-0.4796384738588553,0.16081307625575725,2024-05-27
Montana,-0.5094836426249921,0.16854297649647895,2024-05-27
Nebraska,-0.576376669825858,0.163573921404037,2024-05-27
Nebraska 1,-0.483977479785256,0.16533061341863448,2024-05-27
Nebraska 2,-0.03730056628857287,0.1509398639854331,2024-05-27
Nebraska 3,-1.4649536479720284,0.261848594081876,2024-05-27
Nevada,-0.07962004613951511,0.15327848397655408,2024-05-27
New Hampshire,-0.016835627200968078,0.15190837019559034,2024-05-27
New Jersey,0.18591896603546348,0.15817811899146608,2024-05-27
New Mexico,0.07828353434822186,0.1526437467564447,2024-05-27
New York,0.34590167313879205,0.15660364533051327,2024-05-27
North Carolina,-0.1717623793635573,0.15702242402180172,2024-05-27
North Dakota,-0.9162189612071798,0.1846228750743073,2024-05-27
Ohio,-0.3008875700602982,0.1597857424351184,2024-05-27
Oklahoma,-0.8990321800076548,0.1874324699344432,2024-05-27
Oregon,0.18021247054873976,0.15796395677857578,2024-05-27
Pennsylvania,-0.113720686165988,0.15472871510603364,2024-05-27
Rhode Island,0.2820781379512599,0.16098825108366674,2024-05-27
South Carolina,-0.3923410739189476,0.15983525214921174,2024-05-27
South Dakota,-0.7277300329434194,0.17344470869107848,2024-05-27
Tennessee,-0.6506377541498338,0.17321266687249542,2024-05-27
Texas,-0.2655986659229774,0.15425662320440842,2024-05-27
Utah,-0.6011280660936431,0.1694529972501017,2024-05-27
Vermont,0.5906403261439974,0.1672771042503832,2024-05-27
Virginia,0.05393409314914779,0.1554260857194968,2024-05-27
Washington,0.25882121195801205,0.15901206840147214,2024-05-27
West Virginia,-1.0387428413774185,0.1985204331655585,2024-05-27
Wisconsin,-0.12797520599079476,0.15412401507793966,2024-05-27
Wyoming,-1.2068580037209693,0.2184483895080404,2024-05-27
