state,theta,.lower,.upper,.width,run_date
Alabama,0.3081005,0.25493809,0.36893334000000005,0.66,2024-05-01
Alaska,0.3820345,0.32383624,0.44327567,0.66,2024-05-01
Arizona,0.441307,0.3801834999999999,0.50450385,0.66,2024-05-01
Arkansas,0.2986665,0.24633866,0.35818358,0.66,2024-05-01
California,0.5980255000000001,0.53548856,0.65715534,0.66,2024-05-01
Colorado,0.50468,0.44202884,0.56638492,0.66,2024-05-01
Connecticut,0.5400670000000001,0.47671268999999994,0.60048651,0.66,2024-05-01
Delaware,0.5335805,0.47045645,0.59473434,0.66,2024-05-01
District of Columbia,0.903872,0.85283549,0.93852902,0.66,2024-05-01
Florida,0.4292305,0.36936062,0.49162004,0.66,2024-05-01
Georgia,0.4376759999999999,0.37911062,0.50130882,0.66,2024-05-01
Hawaii,0.6028595,0.5417106600000001,0.6611473600000001,0.66,2024-05-01
Idaho,0.27568499999999996,0.22480398,0.33307568,0.66,2024-05-01
Illinois,0.5326960000000001,0.46948535,0.59349784,0.66,2024-05-01
Indiana,0.3570085,0.3004142,0.41746905,0.66,2024-05-01
Iowa,0.399349,0.33957664,0.46053472,0.66,2024-05-01
Kansas,0.358806,0.301993,0.41956125,0.66,2024-05-01
Kentucky,0.3033145,0.25121062,0.36132721,0.66,2024-05-01
Louisiana,0.34650650000000005,0.29081286,0.40679840999999994,0.66,2024-05-01
Maine CD-1,0.5550824999999999,0.49178579,0.61501275,0.66,2024-05-01
Maine CD-2,0.4011905,0.34170764,0.46353406,0.66,2024-05-01
Maryland,0.6088705000000001,0.54724779,0.66750472,0.66,2024-05-01
Massachusetts,0.6107235,0.5478008299999999,0.6692518700000001,0.66,2024-05-01
Michigan,0.4543615,0.39331866,0.51633617,0.66,2024-05-01
Minnesota,0.4739955,0.41254779,0.53769089,0.66,2024-05-01
Mississippi,0.3559905,0.29884979,0.41834803,0.66,2024-05-01
Missouri,0.3592325,0.30253715,0.42118323,0.66,2024-05-01
Montana,0.351881,0.29599468,0.4121578500000001,0.66,2024-05-01
Nebraska CD-1,0.357316,0.3001712,0.41680208,0.66,2024-05-01
Nebraska CD-2,0.4655185,0.40401269,0.52771331,0.66,2024-05-01
Nebraska CD-3,0.1609785,0.11884764,0.21452118999999997,0.66,2024-05-01
Nevada,0.4573565,0.39744541000000005,0.5191536999999999,0.66,2024-05-01
New Hampshire,0.4741595,0.41092691,0.53514021,0.66,2024-05-01
New Jersey,0.523404,0.46150543,0.5856960099999999,0.66,2024-05-01
New Mexico,0.4988655,0.4361752,0.5607477,0.66,2024-05-01
New York,0.56446,0.50139015,0.6234267,0.66,2024-05-01
North Carolina,0.4349615,0.37490647,0.49951919000000006,0.66,2024-05-01
North Dakota,0.2624435,0.21088411,0.31810412,0.66,2024-05-01
Ohio,0.4008695,0.34228676999999996,0.46332885,0.66,2024-05-01
Oklahoma,0.2652625,0.21438545,0.32230368,0.66,2024-05-01
Oregon,0.5229925,0.46051535,0.5831245500000001,0.66,2024-05-01
Pennsylvania,0.4485845,0.38673567,0.51132738,0.66,2024-05-01
Rhode Island,0.5473760000000001,0.48543166,0.60752242,0.66,2024-05-01
South Carolina,0.37957,0.32118612999999996,0.4403105000000001,0.66,2024-05-01
South Dakota,0.301793,0.24795147,0.35888561,0.66,2024-05-01
Tennessee,0.320076,0.26529007,0.37957444,0.66,2024-05-01
Texas,0.410441,0.35106188,0.47291204,0.66,2024-05-01
Utah,0.330844,0.27526427000000003,0.39093121,0.66,2024-05-01
Vermont,0.6231725,0.56196752,0.6801866699999999,0.66,2024-05-01
Virginia,0.490599,0.4277791,0.5526175200000001,0.66,2024-05-01
Washington,0.5422395,0.47904504999999997,0.60288423,0.66,2024-05-01
West Virginia,0.2346445,0.18766988,0.29026834,0.66,2024-05-01
Wisconsin,0.4462735,0.38558896,0.50821408,0.66,2024-05-01
Wyoming,0.206578,0.16159191999999997,0.25970836,0.66,2024-05-01
National,0.462337,0.40178178,0.5239634099999999,0.66,2024-05-01
Nebraska,0.3111315,0.25372441,0.37585023,0.66,2024-05-01
Maine,0.478099,0.4154663,0.53906638,0.66,2024-05-01
Alabama,0.3081005,0.1923429,0.46033027499999973,0.95,2024-05-01
Alaska,0.3820345,0.25365742500000005,0.530905475,0.95,2024-05-01
Arizona,0.441307,0.3065953,0.5853125,0.95,2024-05-01
Arkansas,0.2986665,0.18424885000000005,0.4461469749999999,0.95,2024-05-01
California,0.5980255000000001,0.4541798,0.727540075,0.95,2024-05-01
Colorado,0.50468,0.3675652000000001,0.64400665,0.95,2024-05-01
Connecticut,0.5400670000000001,0.39481625,0.675964725,0.95,2024-05-01
Delaware,0.5335805,0.3889121500000001,0.6685671999999999,0.95,2024-05-01
District of Columbia,0.903872,0.6604575500000002,0.97677395,0.95,2024-05-01
Florida,0.4292305,0.29519047499999995,0.5681198749999999,0.95,2024-05-01
Georgia,0.4376759999999999,0.30664845,0.5807077499999999,0.95,2024-05-01
Hawaii,0.6028595,0.4579490500000001,0.730256675,0.95,2024-05-01
Idaho,0.27568499999999996,0.1625087,0.4247822999999999,0.95,2024-05-01
Illinois,0.5326960000000001,0.392114,0.6682680499999998,0.95,2024-05-01
Indiana,0.3570085,0.234161825,0.5052302249999999,0.95,2024-05-01
Iowa,0.399349,0.26885542500000004,0.5423342249999998,0.95,2024-05-01
Kansas,0.358806,0.23393207500000016,0.5042754,0.95,2024-05-01
Kentucky,0.3033145,0.1911457500000001,0.446907275,0.95,2024-05-01
Louisiana,0.34650650000000005,0.223942925,0.495713975,0.95,2024-05-01
Maine CD-1,0.5550824999999999,0.408396925,0.688154275,0.95,2024-05-01
Maine CD-2,0.4011905,0.26977797500000006,0.54613505,0.95,2024-05-01
Maryland,0.6088705000000001,0.46472245000000006,0.735578325,0.95,2024-05-01
Massachusetts,0.6107235,0.4600827,0.738173025,0.95,2024-05-01
Michigan,0.4543615,0.31960910000000003,0.5949197999999999,0.95,2024-05-01
Minnesota,0.4739955,0.34002895,0.6164791999999999,0.95,2024-05-01
Mississippi,0.3559905,0.2341329,0.503411125,0.95,2024-05-01
Missouri,0.3592325,0.234591125,0.509356575,0.95,2024-05-01
Montana,0.351881,0.22965165000000004,0.500758975,0.95,2024-05-01
Nebraska CD-1,0.357316,0.23303607500000004,0.5061319499999999,0.95,2024-05-01
Nebraska CD-2,0.4655185,0.3315043000000001,0.606633075,0.95,2024-05-01
Nebraska CD-3,0.1609785,0.06499053250000002,0.34069024999999997,0.95,2024-05-01
Nevada,0.4573565,0.3209778,0.5971158249999998,0.95,2024-05-01
New Hampshire,0.4741595,0.3333681,0.6130462499999999,0.95,2024-05-01
New Jersey,0.523404,0.383232375,0.662482075,0.95,2024-05-01
New Mexico,0.4988655,0.365435925,0.63894195,0.95,2024-05-01
New York,0.56446,0.4215304000000001,0.6945624499999998,0.95,2024-05-01
North Carolina,0.4349615,0.30066650000000006,0.5776946749999999,0.95,2024-05-01
North Dakota,0.2624435,0.14883082500000017,0.408577975,0.95,2024-05-01
Ohio,0.4008695,0.270404725,0.54645515,0.95,2024-05-01
Oklahoma,0.2652625,0.15374570000000004,0.4141201499999999,0.95,2024-05-01
Oregon,0.5229925,0.38657565,0.657736675,0.95,2024-05-01
Pennsylvania,0.4485845,0.31224747500000005,0.5912869,0.95,2024-05-01
Rhode Island,0.5473760000000001,0.40888150000000006,0.683071475,0.95,2024-05-01
South Carolina,0.37957,0.25365987500000003,0.525037275,0.95,2024-05-01
South Dakota,0.301793,0.185683575,0.44522265,0.95,2024-05-01
Tennessee,0.320076,0.202744375,0.4678345,0.95,2024-05-01
Texas,0.410441,0.27967335000000004,0.5502974499999999,0.95,2024-05-01
Utah,0.330844,0.210338,0.47725102499999994,0.95,2024-05-01
Vermont,0.6231725,0.4790595,0.74775855,0.95,2024-05-01
Virginia,0.490599,0.35531565000000004,0.6291865,0.95,2024-05-01
Washington,0.5422395,0.398055425,0.6725509,0.95,2024-05-01
West Virginia,0.2346445,0.13128150000000002,0.3860402249999999,0.95,2024-05-01
Wisconsin,0.4462735,0.31225090000000005,0.5861598749999999,0.95,2024-05-01
Wyoming,0.206578,0.10580605,0.359186125,0.95,2024-05-01
National,0.462337,0.34048277499999996,0.5890823749999999,0.95,2024-05-01
Nebraska,0.3111315,0.19204352500000005,0.45902784999999985,0.95,2024-05-01
Maine,0.478099,0.342904075,0.610342725,0.95,2024-05-01
Alabama,0.309073,0.25548286,0.36839034,0.66,2024-05-02
Alaska,0.3829884999999999,0.32339182,0.44435453,0.66,2024-05-02
Arizona,0.4415815,0.38085649,0.50302025,0.66,2024-05-02
Arkansas,0.2992275,0.24589445,0.35856476,0.66,2024-05-02
California,0.5980845,0.5378046400000001,0.65938287,0.66,2024-05-02
Colorado,0.504362,0.4422650500000001,0.56746717,0.66,2024-05-02
Connecticut,0.539539,0.47843739,0.5998607,0.66,2024-05-02
Delaware,0.5336365000000001,0.47174547,0.5945703099999999,0.66,2024-05-02
District of Columbia,0.9042085,0.85367938,0.93810923,0.66,2024-05-02
Florida,0.4300235,0.37139892,0.49222757,0.66,2024-05-02
Georgia,0.4390275,0.37912003,0.5012009700000001,0.66,2024-05-02
Hawaii,0.6029785,0.54169766,0.6615003800000001,0.66,2024-05-02
Idaho,0.275431,0.22535866,0.33322455,0.66,2024-05-02
Illinois,0.533064,0.47179166,0.5951075299999999,0.66,2024-05-02
Indiana,0.35648650000000004,0.29996245,0.41684848,0.66,2024-05-02
Iowa,0.3987395,0.33975448999999996,0.45981006,0.66,2024-05-02
Kansas,0.35797650000000003,0.30097513,0.41865991,0.66,2024-05-02
Kentucky,0.3033345,0.25110347000000005,0.36088934,0.66,2024-05-02
Louisiana,0.347048,0.29157243,0.40696957,0.66,2024-05-02
Maine CD-1,0.555218,0.49299449,0.6158198,0.66,2024-05-02
Maine CD-2,0.4010355,0.34273075,0.46333874,0.66,2024-05-02
Maryland,0.6097760000000001,0.5489172299999999,0.66849304,0.66,2024-05-02
Massachusetts,0.6109694999999999,0.54994484,0.66992091,0.66,2024-05-02
Michigan,0.4557785,0.39474826,0.51692444,0.66,2024-05-02
Minnesota,0.4752055,0.41257483999999994,0.53716377,0.66,2024-05-02
Mississippi,0.357028,0.30021696000000003,0.41800618,0.66,2024-05-02
Missouri,0.35993850000000005,0.30242244999999995,0.42019572,0.66,2024-05-02
Montana,0.351795,0.29603215,0.41330548,0.66,2024-05-02
Nebraska CD-1,0.357265,0.29992849,0.41665642,0.66,2024-05-02
Nebraska CD-2,0.4664105,0.4054606200000001,0.52733923,0.66,2024-05-02
Nebraska CD-3,0.1612845,0.11945828,0.21257538,0.66,2024-05-02
Nevada,0.45848,0.39848807,0.52053385,0.66,2024-05-02
New Hampshire,0.474506,0.41276098,0.53694751,0.66,2024-05-02
New Jersey,0.525328,0.46296049,0.58682153,0.66,2024-05-02
New Mexico,0.4986575,0.43649198,0.55944534,0.66,2024-05-02
New York,0.56263,0.50258039,0.6233582000000001,0.66,2024-05-02
North Carolina,0.436164,0.37601956,0.49649554000000007,0.66,2024-05-02
North Dakota,0.26219950000000003,0.2116959,0.31794452,0.66,2024-05-02
Ohio,0.402461,0.34282357,0.46454312,0.66,2024-05-02
Oklahoma,0.26600650000000003,0.21541518,0.32165487000000004,0.66,2024-05-02
Oregon,0.5222135,0.459991,0.5827294,0.66,2024-05-02
Pennsylvania,0.448775,0.38736026,0.51120857,0.66,2024-05-02
Rhode Island,0.547708,0.48599792000000003,0.6069335200000001,0.66,2024-05-02
South Carolina,0.3802545,0.32138732,0.44002051,0.66,2024-05-02
South Dakota,0.302205,0.24806932,0.36089616,0.66,2024-05-02
Tennessee,0.32015150000000003,0.26526877,0.3784876800000001,0.66,2024-05-02
Texas,0.4102995,0.35131689,0.47360736,0.66,2024-05-02
Utah,0.3311645,0.27613267,0.39077634,0.66,2024-05-02
Vermont,0.622514,0.5620413200000001,0.68043125,0.66,2024-05-02
Virginia,0.490189,0.43006349,0.55169004,0.66,2024-05-02
Washington,0.5434270000000001,0.48128311,0.60423676,0.66,2024-05-02
West Virginia,0.2344315,0.18710415,0.2875027,0.66,2024-05-02
Wisconsin,0.4469260000000001,0.38595141999999993,0.5081960799999999,0.66,2024-05-02
Wyoming,0.2064965,0.16141445,0.25937317000000004,0.66,2024-05-02
National,0.4626125,0.4030981099999999,0.5247921799999999,0.66,2024-05-02
Nebraska,0.311667,0.25551692000000004,0.37450646,0.66,2024-05-02
Maine,0.4775855,0.41679477,0.53940899,0.66,2024-05-02
Alabama,0.309073,0.19269400000000017,0.4559904749999999,0.95,2024-05-02
Alaska,0.3829884999999999,0.25527185,0.5262246,0.95,2024-05-02
Arizona,0.4415815,0.31185002500000003,0.5879450999999999,0.95,2024-05-02
Arkansas,0.2992275,0.1835182750000001,0.4486890499999999,0.95,2024-05-02
California,0.5980845,0.461125975,0.7309926749999999,0.95,2024-05-02
Colorado,0.504362,0.36547370000000007,0.644218075,0.95,2024-05-02
Connecticut,0.539539,0.3978075250000001,0.6775083749999999,0.95,2024-05-02
Delaware,0.5336365000000001,0.3915675,0.6693279,0.95,2024-05-02
District of Columbia,0.9042085,0.6804853500000003,0.9757897,0.95,2024-05-02
Florida,0.4300235,0.30069365,0.5714260999999999,0.95,2024-05-02
Georgia,0.4390275,0.303933525,0.5812873499999999,0.95,2024-05-02
Hawaii,0.6029785,0.4550639,0.730681375,0.95,2024-05-02
Idaho,0.275431,0.16572190000000006,0.4202231500000001,0.95,2024-05-02
Illinois,0.533064,0.39175087500000005,0.6695592,0.95,2024-05-02
Indiana,0.35648650000000004,0.230294875,0.49916799999999995,0.95,2024-05-02
Iowa,0.3987395,0.2680132250000001,0.546195025,0.95,2024-05-02
Kansas,0.35797650000000003,0.23161685,0.5051168,0.95,2024-05-02
Kentucky,0.3033345,0.19079090000000004,0.4453826749999999,0.95,2024-05-02
Louisiana,0.347048,0.2270324,0.48991055,0.95,2024-05-02
Maine CD-1,0.555218,0.41481125000000024,0.6901130999999999,0.95,2024-05-02
Maine CD-2,0.4010355,0.27194317500000004,0.5442968499999999,0.95,2024-05-02
Maryland,0.6097760000000001,0.463427825,0.7363248499999999,0.95,2024-05-02
Massachusetts,0.6109694999999999,0.464010475,0.738787275,0.95,2024-05-02
Michigan,0.4557785,0.32095495,0.5952670999999999,0.95,2024-05-02
Minnesota,0.4752055,0.335752525,0.6137880250000001,0.95,2024-05-02
Mississippi,0.357028,0.23518902500000005,0.50263335,0.95,2024-05-02
Missouri,0.35993850000000005,0.23411975000000013,0.5060906,0.95,2024-05-02
Montana,0.351795,0.22662930000000003,0.5023515499999998,0.95,2024-05-02
Nebraska CD-1,0.357265,0.23491270000000003,0.5027400499999999,0.95,2024-05-02
Nebraska CD-2,0.4664105,0.3300124,0.605627925,0.95,2024-05-02
Nebraska CD-3,0.1612845,0.06657821250000001,0.33265782499999985,0.95,2024-05-02
Nevada,0.45848,0.32828275,0.5995844499999999,0.95,2024-05-02
New Hampshire,0.474506,0.3331137,0.61447175,0.95,2024-05-02
New Jersey,0.525328,0.3850329,0.659478225,0.95,2024-05-02
New Mexico,0.4986575,0.35983760000000004,0.6357269499999999,0.95,2024-05-02
New York,0.56263,0.42446675,0.6919531499999999,0.95,2024-05-02
North Carolina,0.436164,0.30609425,0.5786856749999999,0.95,2024-05-02
North Dakota,0.26219950000000003,0.15212949999999997,0.409700675,0.95,2024-05-02
Ohio,0.402461,0.270474625,0.5464822,0.95,2024-05-02
Oklahoma,0.26600650000000003,0.155150525,0.40560822499999993,0.95,2024-05-02
Oregon,0.5222135,0.3873549,0.6566522249999998,0.95,2024-05-02
Pennsylvania,0.448775,0.31164865,0.5890740999999999,0.95,2024-05-02
Rhode Island,0.547708,0.404397075,0.68274155,0.95,2024-05-02
South Carolina,0.3802545,0.25228585,0.5217610249999998,0.95,2024-05-02
South Dakota,0.302205,0.18643430000000005,0.44720725,0.95,2024-05-02
Tennessee,0.32015150000000003,0.20154817500000005,0.461028625,0.95,2024-05-02
Texas,0.4102995,0.28214,0.55219775,0.95,2024-05-02
Utah,0.3311645,0.212381225,0.476168725,0.95,2024-05-02
Vermont,0.622514,0.4780810000000001,0.745754475,0.95,2024-05-02
Virginia,0.490189,0.35410837500000003,0.6283686,0.95,2024-05-02
Washington,0.5434270000000001,0.403283975,0.6784004,0.95,2024-05-02
West Virginia,0.2344315,0.1250139,0.380566875,0.95,2024-05-02
Wisconsin,0.4469260000000001,0.3132884,0.5869572249999999,0.95,2024-05-02
Wyoming,0.2064965,0.10616175,0.363739775,0.95,2024-05-02
National,0.4626125,0.340795725,0.5874376,0.95,2024-05-02
Nebraska,0.311667,0.19343557500000003,0.46000287499999987,0.95,2024-05-02
Maine,0.4775855,0.34634422500000006,0.6131781749999999,0.95,2024-05-02
Alabama,0.3081825,0.25401231999999996,0.36620934,0.66,2024-05-03
Alaska,0.3818255,0.32168899999999995,0.44237138,0.66,2024-05-03
Arizona,0.440569,0.37932656,0.5025123600000001,0.66,2024-05-03
Arkansas,0.298967,0.24595024,0.35796476,0.66,2024-05-03
California,0.5972645,0.53486856,0.65683364,0.66,2024-05-03
Colorado,0.504382,0.44108781,0.56500234,0.66,2024-05-03
Connecticut,0.538852,0.47591411,0.5990585500000001,0.66,2024-05-03
Delaware,0.5334730000000001,0.46978261,0.59319885000000006,0.66,2024-05-03
District of Columbia,0.9037935,0.85276657,0.9379557,0.66,2024-05-03
Florida,0.4286625,0.36820962,0.490936,0.66,2024-05-03
Georgia,0.438032,0.3775053,0.50043487,0.66,2024-05-03
Hawaii,0.6028055,0.54031009,0.6610654,0.66,2024-05-03
Idaho,0.27549,0.22417324,0.33228606,0.66,2024-05-03
Illinois,0.531941,0.46917943,0.59302391,0.66,2024-05-03
Indiana,0.356713,0.29932249,0.41627522000000006,0.66,2024-05-03
Iowa,0.39901850000000005,0.33858596,0.46001576,0.66,2024-05-03
Kansas,0.3574925,0.30046733000000003,0.41823778,0.66,2024-05-03
Kentucky,0.30299,0.24997469,0.36001957,0.66,2024-05-03
Louisiana,0.34634149999999997,0.28965132000000005,0.40623546,0.66,2024-05-03
Maine CD-1,0.5545975000000001,0.49079166,0.61431702,0.66,2024-05-03
Maine CD-2,0.401623,0.34182096,0.46244519,0.66,2024-05-03
Maryland,0.60789,0.54596579,0.6668997400000001,0.66,2024-05-03
Massachusetts,0.610373,0.5472732899999999,0.66870691,0.66,2024-05-03
Michigan,0.4538565,0.39316039,0.5158847,0.66,2024-05-03
Minnesota,0.474235,0.4118715,0.5353363600000001,0.66,2024-05-03
Mississippi,0.35614049999999997,0.30020986,0.4159505100000001,0.66,2024-05-03
Missouri,0.359944,0.30174009,0.42029199,0.66,2024-05-03
Montana,0.351886,0.29411292,0.41139076,0.66,2024-05-03
Nebraska CD-1,0.356039,0.2986669,0.41637434,0.66,2024-05-03
Nebraska CD-2,0.4656865,0.40291477,0.52700117,0.66,2024-05-03
Nebraska CD-3,0.16099,0.117939,0.21334571,0.66,2024-05-03
Nevada,0.4569235,0.39609433,0.518591,0.66,2024-05-03
New Hampshire,0.4734705,0.4119703,0.53519734,0.66,2024-05-03
New Jersey,0.5239805,0.4606403,0.58505297,0.66,2024-05-03
New Mexico,0.497978,0.4353136,0.55962417,0.66,2024-05-03
New York,0.5625095,0.50056643,0.62258436,0.66,2024-05-03
North Carolina,0.4353615,0.37442809,0.49696968,0.66,2024-05-03
North Dakota,0.26154849999999996,0.21124624,0.31790604,0.66,2024-05-03
Ohio,0.401631,0.34150637,0.46337109,0.66,2024-05-03
Oklahoma,0.26547350000000003,0.21512722,0.32232653,0.66,2024-05-03
Oregon,0.5219045,0.45893018,0.5832041,0.66,2024-05-03
Pennsylvania,0.447624,0.38693245,0.51027338,0.66,2024-05-03
Rhode Island,0.546617,0.48272354,0.6067773999999999,0.66,2024-05-03
South Carolina,0.3790905,0.32268368999999997,0.43984627,0.66,2024-05-03
South Dakota,0.30153,0.24778928,0.36015616000000006,0.66,2024-05-03
Tennessee,0.3198795,0.26414983,0.37879272,0.66,2024-05-03
Texas,0.4094225,0.35044080999999994,0.47119417,0.66,2024-05-03
Utah,0.33069000000000004,0.27539181,0.3905967,0.66,2024-05-03
Vermont,0.6230905,0.56072207,0.67975538,0.66,2024-05-03
Virginia,0.490715,0.42838856,0.5526155700000001,0.66,2024-05-03
Washington,0.5420975,0.4789653,0.60330595,0.66,2024-05-03
West Virginia,0.2351435,0.18729526,0.28885038,0.66,2024-05-03
Wisconsin,0.445891,0.38489091,0.50782589,0.66,2024-05-03
Wyoming,0.2057795,0.16020659999999998,0.25985437,0.66,2024-05-03
National,0.4619225,0.40061499999999994,0.52318502,0.66,2024-05-03
Nebraska,0.3110215,0.25295247,0.37447674,0.66,2024-05-03
Maine,0.47807,0.41475115,0.53948617,0.66,2024-05-03
Alabama,0.3081825,0.19049287500000017,0.4532343499999999,0.95,2024-05-03
Alaska,0.3818255,0.2530878750000001,0.526817075,0.95,2024-05-03
Arizona,0.440569,0.3060905,0.584640875,0.95,2024-05-03
Arkansas,0.298967,0.180010475,0.4453823,0.95,2024-05-03
California,0.5972645,0.4492395000000001,0.728521925,0.95,2024-05-03
Colorado,0.504382,0.365130825,0.64653715,0.95,2024-05-03
Connecticut,0.538852,0.39607175000000006,0.6739535999999999,0.95,2024-05-03
Delaware,0.5334730000000001,0.388987525,0.6703646499999999,0.95,2024-05-03
District of Columbia,0.9037935,0.67558695,0.977170375,0.95,2024-05-03
Florida,0.4286625,0.2911229,0.5723821749999999,0.95,2024-05-03
Georgia,0.438032,0.30322847500000005,0.5794392249999998,0.95,2024-05-03
Hawaii,0.6028055,0.4552214250000001,0.7326307749999998,0.95,2024-05-03
Idaho,0.27549,0.16426580000000002,0.4225215249999999,0.95,2024-05-03
Illinois,0.531941,0.3873599,0.6690746249999999,0.95,2024-05-03
Indiana,0.356713,0.23325710000000005,0.5012265749999999,0.95,2024-05-03
Iowa,0.39901850000000005,0.26924495,0.54340955,0.95,2024-05-03
Kansas,0.3574925,0.23205065,0.507381075,0.95,2024-05-03
Kentucky,0.30299,0.19034527500000004,0.451698,0.95,2024-05-03
Louisiana,0.34634149999999997,0.2244685750000001,0.4911193749999999,0.95,2024-05-03
Maine CD-1,0.5545975000000001,0.412598875,0.6887597249999998,0.95,2024-05-03
Maine CD-2,0.401623,0.272076875,0.5448198,0.95,2024-05-03
Maryland,0.60789,0.4635529000000001,0.7374569249999999,0.95,2024-05-03
Massachusetts,0.610373,0.46652825,0.7379745249999999,0.95,2024-05-03
Michigan,0.4538565,0.3179971000000001,0.594839225,0.95,2024-05-03
Minnesota,0.474235,0.33308295000000004,0.6151173249999999,0.95,2024-05-03
Mississippi,0.35614049999999997,0.2327082000000001,0.50063955,0.95,2024-05-03
Missouri,0.359944,0.2316604250000001,0.5056742249999999,0.95,2024-05-03
Montana,0.351886,0.2275719750000001,0.49986469999999994,0.95,2024-05-03
Nebraska CD-1,0.356039,0.2337359,0.5010391749999998,0.95,2024-05-03
Nebraska CD-2,0.4656865,0.32978690000000005,0.60822345,0.95,2024-05-03
Nebraska CD-3,0.16099,0.06713714500000004,0.33221617499999984,0.95,2024-05-03
Nevada,0.4569235,0.3215791,0.5989821499999999,0.95,2024-05-03
New Hampshire,0.4734705,0.3372645,0.6131206,0.95,2024-05-03
New Jersey,0.5239805,0.38315250000000006,0.6602764,0.95,2024-05-03
New Mexico,0.497978,0.360296275,0.6339418499999999,0.95,2024-05-03
New York,0.5625095,0.42173125,0.697875475,0.95,2024-05-03
North Carolina,0.4353615,0.305038425,0.5772023749999998,0.95,2024-05-03
North Dakota,0.26154849999999996,0.1505511,0.4092847749999999,0.95,2024-05-03
Ohio,0.401631,0.271252625,0.5433496999999999,0.95,2024-05-03
Oklahoma,0.26547350000000003,0.15516512500000004,0.4152421999999999,0.95,2024-05-03
Oregon,0.5219045,0.3799933,0.6592805749999999,0.95,2024-05-03
Pennsylvania,0.447624,0.31127787500000004,0.5953879,0.95,2024-05-03
Rhode Island,0.546617,0.4050845,0.6802867249999999,0.95,2024-05-03
South Carolina,0.3790905,0.25153667500000004,0.52631075,0.95,2024-05-03
South Dakota,0.30153,0.1843230000000001,0.4493149749999999,0.95,2024-05-03
Tennessee,0.3198795,0.202706625,0.46798635,0.95,2024-05-03
Texas,0.4094225,0.278967675,0.557923625,0.95,2024-05-03
Utah,0.33069000000000004,0.211433925,0.47783479999999984,0.95,2024-05-03
Vermont,0.6230905,0.4752261500000001,0.7481548499999999,0.95,2024-05-03
Virginia,0.490715,0.3529041750000001,0.631911025,0.95,2024-05-03
Washington,0.5420975,0.401146525,0.67862055,0.95,2024-05-03
West Virginia,0.2351435,0.12977095,0.3918815999999996,0.95,2024-05-03
Wisconsin,0.445891,0.30972135,0.587181325,0.95,2024-05-03
Wyoming,0.2057795,0.10625545000000002,0.36120132499999985,0.95,2024-05-03
National,0.4619225,0.336676325,0.5896718249999999,0.95,2024-05-03
Nebraska,0.3110215,0.19263710000000003,0.4587083249999999,0.95,2024-05-03
Maine,0.47807,0.34431977500000005,0.60993685,0.95,2024-05-03
Alabama,0.308265,0.25533631999999995,0.36382487,0.66,2024-05-04
Alaska,0.3817325,0.32303283000000005,0.44078717,0.66,2024-05-04
Arizona,0.440086,0.37992783,0.49985085,0.66,2024-05-04
Arkansas,0.299232,0.24669776,0.3540308,0.66,2024-05-04
California,0.5976859999999999,0.53624442,0.6543550899999999,0.66,2024-05-04
Colorado,0.5049095,0.44198158,0.5635517,0.66,2024-05-04
Connecticut,0.5391715,0.47652179000000006,0.59825385,0.66,2024-05-04
Delaware,0.5336365000000001,0.47098507,0.59310542,0.66,2024-05-04
District of Columbia,0.9033845,0.85600724,0.93744351,0.66,2024-05-04
Florida,0.4294245,0.36906248,0.48944712,0.66,2024-05-04
Georgia,0.439814,0.37897779,0.49887704,0.66,2024-05-04
Hawaii,0.603118,0.53997809,0.66064151,0.66,2024-05-04
Idaho,0.275589,0.22574858999999997,0.3310387,0.66,2024-05-04
Illinois,0.5325234999999999,0.47062981,0.59159214,0.66,2024-05-04
Indiana,0.357057,0.3000803,0.4145528899999999,0.66,2024-05-04
Iowa,0.3987815,0.33914579,0.45831504,0.66,2024-05-04
Kansas,0.35776149999999995,0.30157273,0.41607976,0.66,2024-05-04
Kentucky,0.303775,0.25120547000000004,0.35945118,0.66,2024-05-04
Louisiana,0.346879,0.29217964,0.40475822000000006,0.66,2024-05-04
Maine CD-1,0.5548390000000001,0.4926771,0.61474072,0.66,2024-05-04
Maine CD-2,0.4014455,0.34307715,0.46205663,0.66,2024-05-04
Maryland,0.6086705,0.54585786,0.6654015299999999,0.66,2024-05-04
Massachusetts,0.610496,0.5483443,0.6668117199999999,0.66,2024-05-04
Michigan,0.454865,0.39411473,0.51341675,0.66,2024-05-04
Minnesota,0.4741695,0.41224173,0.5332433599999999,0.66,2024-05-04
Mississippi,0.356205,0.30129162,0.41618961,0.66,2024-05-04
Missouri,0.35968449999999996,0.30308746999999997,0.4180882500000001,0.66,2024-05-04
Montana,0.35157,0.29417632000000005,0.40928655,0.66,2024-05-04
Nebraska CD-1,0.357003,0.29985766,0.41625457,0.66,2024-05-04
Nebraska CD-2,0.466425,0.40446229999999994,0.52571027,0.66,2024-05-04
Nebraska CD-3,0.1606185,0.11905911,0.2110488,0.66,2024-05-04
Nevada,0.4576035,0.39584310999999994,0.5159962899999999,0.66,2024-05-04
New Hampshire,0.473628,0.41175294,0.53328972,0.66,2024-05-04
New Jersey,0.5243575,0.46150466,0.58422374,0.66,2024-05-04
New Mexico,0.497937,0.43711198,0.5576292199999999,0.66,2024-05-04
New York,0.5631029999999999,0.50130483,0.62121737,0.66,2024-05-04
North Carolina,0.4360915,0.37711325,0.49557076,0.66,2024-05-04
North Dakota,0.26238249999999996,0.21237465,0.3157991,0.66,2024-05-04
Ohio,0.4022505,0.34266539,0.4618649500000001,0.66,2024-05-04
Oklahoma,0.264381,0.21452056,0.32001634,0.66,2024-05-04
Oregon,0.5223495,0.45972129999999994,0.58103251,0.66,2024-05-04
Pennsylvania,0.44929,0.387552,0.5078303399999999,0.66,2024-05-04
Rhode Island,0.5472699999999999,0.48468524,0.60570592,0.66,2024-05-04
South Carolina,0.37960400000000005,0.3216286,0.43845714,0.66,2024-05-04
South Dakota,0.300977,0.24853781000000005,0.35749002,0.66,2024-05-04
Tennessee,0.31983700000000004,0.26665996000000003,0.37760723,0.66,2024-05-04
Texas,0.409671,0.35142828000000004,0.46932736,0.66,2024-05-04
Utah,0.330355,0.27466845,0.38962436,0.66,2024-05-04
Vermont,0.622758,0.56044728,0.6784653399999999,0.66,2024-05-04
Virginia,0.4910425,0.42840318,0.55022802,0.66,2024-05-04
Washington,0.5422715,0.47981632,0.60119344,0.66,2024-05-04
West Virginia,0.2349955,0.18803271,0.28831006,0.66,2024-05-04
Wisconsin,0.446272,0.38513201,0.50639157,0.66,2024-05-04
Wyoming,0.2064315,0.16168615,0.25833799,0.66,2024-05-04
National,0.462861,0.40194779,0.5212358699999999,0.66,2024-05-04
Nebraska,0.3118035,0.25407562,0.37203555,0.66,2024-05-04
Maine,0.4777685,0.41668988,0.53882521,0.66,2024-05-04
Alabama,0.308265,0.190573375,0.4507495749999999,0.95,2024-05-04
Alaska,0.3817325,0.25236752500000004,0.52263525,0.95,2024-05-04
Arizona,0.440086,0.30490357500000004,0.57663925,0.95,2024-05-04
Arkansas,0.299232,0.18588682500000003,0.4424099999999999,0.95,2024-05-04
California,0.5976859999999999,0.4554284,0.7263564499999997,0.95,2024-05-04
Colorado,0.5049095,0.3654348,0.6393017,0.95,2024-05-04
Connecticut,0.5391715,0.402169075,0.6724357999999999,0.95,2024-05-04
Delaware,0.5336365000000001,0.3950507,0.6654290749999997,0.95,2024-05-04
District of Columbia,0.9033845,0.6922469000000001,0.97581615,0.95,2024-05-04
Florida,0.4294245,0.300644575,0.5649759249999999,0.95,2024-05-04
Georgia,0.439814,0.311740425,0.5720445749999999,0.95,2024-05-04
Hawaii,0.603118,0.46087175,0.7259002999999999,0.95,2024-05-04
Idaho,0.275589,0.16336275000000003,0.4199440499999998,0.95,2024-05-04
Illinois,0.5325234999999999,0.3963537499999999,0.6632395999999999,0.95,2024-05-04
Indiana,0.357057,0.236311775,0.4977573,0.95,2024-05-04
Iowa,0.3987815,0.27001565,0.5369900249999999,0.95,2024-05-04
Kansas,0.35776149999999995,0.23626985,0.4965452,0.95,2024-05-04
Kentucky,0.303775,0.19065335,0.44787757500000003,0.95,2024-05-04
Louisiana,0.346879,0.22673997500000004,0.4869682499999999,0.95,2024-05-04
Maine CD-1,0.5548390000000001,0.4116098250000001,0.6848030500000001,0.95,2024-05-04
Maine CD-2,0.4014455,0.2742268500000001,0.5430802749999999,0.95,2024-05-04
Maryland,0.6086705,0.463145775,0.734675225,0.95,2024-05-04
Massachusetts,0.610496,0.46624772500000006,0.733484675,0.95,2024-05-04
Michigan,0.454865,0.32270135000000005,0.5888614,0.95,2024-05-04
Minnesota,0.4741695,0.338072725,0.6101766249999999,0.95,2024-05-04
Mississippi,0.356205,0.2346058,0.49546535,0.95,2024-05-04
Missouri,0.35968449999999996,0.23631035000000003,0.4961620249999998,0.95,2024-05-04
Montana,0.35157,0.22995455,0.49298372499999993,0.95,2024-05-04
Nebraska CD-1,0.357003,0.2357065,0.49715235,0.95,2024-05-04
Nebraska CD-2,0.466425,0.328618825,0.5973531749999998,0.95,2024-05-04
Nebraska CD-3,0.1606185,0.06752544750000002,0.33036732499999977,0.95,2024-05-04
Nevada,0.4576035,0.32495125,0.594143425,0.95,2024-05-04
New Hampshire,0.473628,0.33868055,0.6070691499999998,0.95,2024-05-04
New Jersey,0.5243575,0.384936025,0.6572539999999999,0.95,2024-05-04
New Mexico,0.497937,0.363645725,0.6320006749999999,0.95,2024-05-04
New York,0.5631029999999999,0.423508425,0.6872796999999999,0.95,2024-05-04
North Carolina,0.4360915,0.30707005000000004,0.57655725,0.95,2024-05-04
North Dakota,0.26238249999999996,0.15435845000000006,0.4046379999999999,0.95,2024-05-04
Ohio,0.4022505,0.27577085,0.5416317249999999,0.95,2024-05-04
Oklahoma,0.264381,0.156986825,0.4129005999999999,0.95,2024-05-04
Oregon,0.5223495,0.385620775,0.6538991249999999,0.95,2024-05-04
Pennsylvania,0.44929,0.3140054000000001,0.5864828499999998,0.95,2024-05-04
Rhode Island,0.5472699999999999,0.4071297250000001,0.675229375,0.95,2024-05-04
South Carolina,0.37960400000000005,0.25478995000000004,0.5202950499999999,0.95,2024-05-04
South Dakota,0.300977,0.185377075,0.4388860249999999,0.95,2024-05-04
Tennessee,0.31983700000000004,0.203866775,0.4613716,0.95,2024-05-04
Texas,0.409671,0.28587422500000004,0.5525353249999999,0.95,2024-05-04
Utah,0.330355,0.21133532500000007,0.4714562999999998,0.95,2024-05-04
Vermont,0.622758,0.47962015,0.7427769249999999,0.95,2024-05-04
Virginia,0.4910425,0.353754775,0.6252401749999998,0.95,2024-05-04
Washington,0.5422715,0.40240022500000006,0.6728726999999999,0.95,2024-05-04
West Virginia,0.2349955,0.133335625,0.383399675,0.95,2024-05-04
Wisconsin,0.446272,0.3162886250000001,0.5845210749999998,0.95,2024-05-04
Wyoming,0.2064315,0.10834107500000002,0.36018587499999993,0.95,2024-05-04
National,0.462861,0.34024712500000004,0.5868053999999998,0.95,2024-05-04
Nebraska,0.3118035,0.1949364,0.4514723249999999,0.95,2024-05-04
Maine,0.4777685,0.3475673,0.607360825,0.95,2024-05-04
Alabama,0.308812,0.25638803,0.36679425,0.66,2024-05-05
Alaska,0.3806429999999999,0.32385796,0.44112463,0.66,2024-05-05
Arizona,0.439148,0.38099454,0.5000252500000001,0.66,2024-05-05
Arkansas,0.298649,0.24640712999999995,0.35657313,0.66,2024-05-05
California,0.59717,0.53626361,0.65589423,0.66,2024-05-05
Colorado,0.5032494999999999,0.4429903200000001,0.56366385,0.66,2024-05-05
Connecticut,0.5379780000000001,0.47735715,0.59732421,0.66,2024-05-05
Delaware,0.5335559999999999,0.4721083,0.59333531,0.66,2024-05-05
District of Columbia,0.9035075,0.85390822,0.93659272,0.66,2024-05-05
Florida,0.428617,0.36960535,0.48981134,0.66,2024-05-05
Georgia,0.4387585,0.37882083,0.49985259,0.66,2024-05-05
Hawaii,0.6016520000000001,0.54251562,0.66030338,0.66,2024-05-05
Idaho,0.2754125,0.22513809,0.33013687999999997,0.66,2024-05-05
Illinois,0.5325355,0.47229258,0.5932821699999999,0.66,2024-05-05
Indiana,0.35644,0.30073211,0.41627621,0.66,2024-05-05
Iowa,0.3976245,0.34035273,0.458772,0.66,2024-05-05
Kansas,0.357244,0.30154481,0.4176007,0.66,2024-05-05
Kentucky,0.3037605,0.2514438,0.36074804,0.66,2024-05-05
Louisiana,0.34686550000000005,0.29162749,0.40564568,0.66,2024-05-05
Maine CD-1,0.5549355,0.49205432,0.6150357799999999,0.66,2024-05-05
Maine CD-2,0.4008275,0.34318503,0.46175944,0.66,2024-05-05
Maryland,0.6089960000000001,0.5496508899999999,0.66633027,0.66,2024-05-05
Massachusetts,0.6095705,0.5503987300000001,0.66736885,0.66,2024-05-05
Michigan,0.454452,0.39454711,0.5142029300000001,0.66,2024-05-05
Minnesota,0.473319,0.41292166,0.5339887999999999,0.66,2024-05-05
Mississippi,0.3567,0.30188811000000004,0.41698989,0.66,2024-05-05
Missouri,0.35855899999999996,0.30382462000000005,0.41885776,0.66,2024-05-05
Montana,0.3513905,0.29648304999999997,0.41280644,0.66,2024-05-05
Nebraska CD-1,0.3562025,0.300927,0.4146847,0.66,2024-05-05
Nebraska CD-2,0.4639595,0.4046903200000001,0.5252061699999999,0.66,2024-05-05
Nebraska CD-3,0.160554,0.11864503,0.21121817,0.66,2024-05-05
Nevada,0.456606,0.39716347,0.5171449300000001,0.66,2024-05-05
New Hampshire,0.472819,0.41277264,0.53349723,0.66,2024-05-05
New Jersey,0.5234000000000001,0.46314829,0.58483406,0.66,2024-05-05
New Mexico,0.4973505,0.43739232,0.5571961,0.66,2024-05-05
New York,0.5621085,0.50205615,0.62253238,0.66,2024-05-05
North Carolina,0.434841,0.37516615,0.49438485,0.66,2024-05-05
North Dakota,0.26119099999999995,0.21245343,0.31749658000000003,0.66,2024-05-05
Ohio,0.4015625,0.34369428,0.46169538,0.66,2024-05-05
Oklahoma,0.265099,0.21499826,0.32023618,0.66,2024-05-05
Oregon,0.5218065000000001,0.46055232,0.58167889,0.66,2024-05-05
Pennsylvania,0.4480715,0.38912283,0.50933244,0.66,2024-05-05
Rhode Island,0.546071,0.48534047,0.60583336,0.66,2024-05-05
South Carolina,0.379154,0.32265558,0.43970372,0.66,2024-05-05
South Dakota,0.3006175,0.24882728,0.35815989000000004,0.66,2024-05-05
Tennessee,0.31918650000000004,0.26567391,0.37673017,0.66,2024-05-05
Texas,0.4093925,0.35285080999999996,0.47047728,0.66,2024-05-05
Utah,0.32963750000000003,0.27463083,0.38824651,0.66,2024-05-05
Vermont,0.6219085,0.56114464,0.6787975199999999,0.66,2024-05-05
Virginia,0.4903115,0.42915532,0.55013906,0.66,2024-05-05
Washington,0.5406854999999999,0.47996383,0.60023178,0.66,2024-05-05
West Virginia,0.2343475,0.18853526,0.28933417,0.66,2024-05-05
Wisconsin,0.445599,0.38497381,0.50624863,0.66,2024-05-05
Wyoming,0.2059575,0.16219547,0.25836169000000003,0.66,2024-05-05
National,0.4615655,0.40248180999999994,0.52273068,0.66,2024-05-05
Nebraska,0.31101999999999996,0.25428835,0.37199552,0.66,2024-05-05
Maine,0.477433,0.4160389,0.53764353,0.66,2024-05-05
Alabama,0.308812,0.19499260000000007,0.4539356249999999,0.95,2024-05-05
Alaska,0.3806429999999999,0.2595680000000001,0.5209027999999999,0.95,2024-05-05
Arizona,0.439148,0.3092856,0.580651025,0.95,2024-05-05
Arkansas,0.298649,0.18478725000000004,0.4439844999999999,0.95,2024-05-05
California,0.59717,0.458859575,0.7265346249999999,0.95,2024-05-05
Colorado,0.5032494999999999,0.36887565,0.6397401749999999,0.95,2024-05-05
Connecticut,0.5379780000000001,0.402474075,0.6703155000000001,0.95,2024-05-05
Delaware,0.5335559999999999,0.39649055000000005,0.6658228,0.95,2024-05-05
District of Columbia,0.9035075,0.67864575,0.975503,0.95,2024-05-05
Florida,0.428617,0.30019765000000004,0.5700749,0.95,2024-05-05
Georgia,0.4387585,0.308863575,0.5754036749999999,0.95,2024-05-05
Hawaii,0.6016520000000001,0.456306625,0.72795455,0.95,2024-05-05
Idaho,0.2754125,0.16538060000000002,0.4127763749999999,0.95,2024-05-05
Illinois,0.5325355,0.3949209500000001,0.6670298499999999,0.95,2024-05-05
Indiana,0.35644,0.23767225,0.4966964,0.95,2024-05-05
Iowa,0.3976245,0.27352407500000003,0.541318225,0.95,2024-05-05
Kansas,0.357244,0.235036675,0.4974185249999999,0.95,2024-05-05
Kentucky,0.3037605,0.19148595,0.4427843999999999,0.95,2024-05-05
Louisiana,0.34686550000000005,0.22625085000000003,0.49249625,0.95,2024-05-05
Maine CD-1,0.5549355,0.41484185000000007,0.6822906249999999,0.95,2024-05-05
Maine CD-2,0.4008275,0.2729128250000001,0.540898625,0.95,2024-05-05
Maryland,0.6089960000000001,0.46881020000000007,0.7360045000000001,0.95,2024-05-05
Massachusetts,0.6095705,0.46472085,0.736646675,0.95,2024-05-05
Michigan,0.454452,0.325686075,0.5923364749999999,0.95,2024-05-05
Minnesota,0.473319,0.33901197499999997,0.6146246499999999,0.95,2024-05-05
Mississippi,0.3567,0.234553775,0.4988635999999999,0.95,2024-05-05
Missouri,0.35855899999999996,0.23925205,0.497085125,0.95,2024-05-05
Montana,0.3513905,0.23083887500000003,0.4991196499999999,0.95,2024-05-05
Nebraska CD-1,0.3562025,0.235853775,0.49784255,0.95,2024-05-05
Nebraska CD-2,0.4639595,0.3364760000000001,0.599492275,0.95,2024-05-05
Nebraska CD-3,0.160554,0.07105364500000001,0.33100712499999996,0.95,2024-05-05
Nevada,0.456606,0.328179625,0.5932996249999999,0.95,2024-05-05
New Hampshire,0.472819,0.33930170000000004,0.61303635,0.95,2024-05-05
New Jersey,0.5234000000000001,0.3876409,0.6606431749999998,0.95,2024-05-05
New Mexico,0.4973505,0.36550885000000016,0.63312795,0.95,2024-05-05
New York,0.5621085,0.4234488250000001,0.6913948749999997,0.95,2024-05-05
North Carolina,0.434841,0.3063808250000001,0.573492125,0.95,2024-05-05
North Dakota,0.26119099999999995,0.15686912500000005,0.4049330999999999,0.95,2024-05-05
Ohio,0.4015625,0.275178225,0.540082475,0.95,2024-05-05
Oklahoma,0.265099,0.15539392500000002,0.41106954999999984,0.95,2024-05-05
Oregon,0.5218065000000001,0.3875015500000001,0.6558963250000001,0.95,2024-05-05
Pennsylvania,0.4480715,0.31900970000000006,0.5907080749999999,0.95,2024-05-05
Rhode Island,0.546071,0.40908295000000006,0.677631575,0.95,2024-05-05
South Carolina,0.379154,0.2550813,0.521304625,0.95,2024-05-05
South Dakota,0.3006175,0.187864,0.437733775,0.95,2024-05-05
Tennessee,0.31918650000000004,0.20586845000000004,0.46016895,0.95,2024-05-05
Texas,0.4093925,0.28307260000000006,0.547710425,0.95,2024-05-05
Utah,0.32963750000000003,0.21475500000000003,0.471691575,0.95,2024-05-05
Vermont,0.6219085,0.483079525,0.7453730999999999,0.95,2024-05-05
Virginia,0.4903115,0.35788772500000005,0.6256181749999999,0.95,2024-05-05
Washington,0.5406854999999999,0.40017595,0.6712805749999998,0.95,2024-05-05
West Virginia,0.2343475,0.13132535000000004,0.3791047749999995,0.95,2024-05-05
Wisconsin,0.445599,0.31690557500000005,0.5866000249999999,0.95,2024-05-05
Wyoming,0.2059575,0.10855960000000002,0.3561287249999998,0.95,2024-05-05
National,0.4615655,0.34313385,0.587757725,0.95,2024-05-05
Nebraska,0.31101999999999996,0.19809860000000007,0.4561742249999999,0.95,2024-05-05
Maine,0.477433,0.34753370000000006,0.6075891250000001,0.95,2024-05-05
Alabama,0.3087615,0.25532241,0.36680999,0.66,2024-05-06
Alaska,0.381239,0.32426993000000004,0.44240453,0.66,2024-05-06
Arizona,0.4412185,0.38188322,0.50339721,0.66,2024-05-06
Arkansas,0.2990085,0.24675426,0.35679969,0.66,2024-05-06
California,0.5980065,0.5373511299999999,0.65650236,0.66,2024-05-06
Colorado,0.5038305,0.44443262,0.56525051,0.66,2024-05-06
Connecticut,0.5393,0.4784010500000001,0.59954571,0.66,2024-05-06
Delaware,0.5326230000000001,0.47150726,0.59344519,0.66,2024-05-06
District of Columbia,0.903712,0.85621718,0.93690693,0.66,2024-05-06
Florida,0.429867,0.37069698,0.49119995,0.66,2024-05-06
Georgia,0.4384235,0.3796563200000001,0.49947123,0.66,2024-05-06
Hawaii,0.6030065,0.54251664,0.660098,0.66,2024-05-06
Idaho,0.2758665,0.22425315,0.33176503999999996,0.66,2024-05-06
Illinois,0.532961,0.47189992,0.5936526799999999,0.66,2024-05-06
Indiana,0.356437,0.30018911000000004,0.41642674,0.66,2024-05-06
Iowa,0.3982045,0.33996279,0.45863587,0.66,2024-05-06
Kansas,0.35804800000000003,0.30294732,0.41747819,0.66,2024-05-06
Kentucky,0.3032125,0.25145831,0.36107801999999994,0.66,2024-05-06
Louisiana,0.34639200000000003,0.29166510999999995,0.40611393,0.66,2024-05-06
Maine CD-1,0.55476,0.49438843,0.61482404,0.66,2024-05-06
Maine CD-2,0.4019925,0.3429313,0.46265287,0.66,2024-05-06
Maryland,0.609123,0.54988932,0.66625819,0.66,2024-05-06
Massachusetts,0.610525,0.5496869,0.66843165,0.66,2024-05-06
Michigan,0.454008,0.39440177,0.51579663,0.66,2024-05-06
Minnesota,0.4732835,0.41534716,0.5352836799999999,0.66,2024-05-06
Mississippi,0.35673699999999997,0.30070366000000004,0.41785844,0.66,2024-05-06
Missouri,0.359988,0.30406626000000003,0.41953034,0.66,2024-05-06
Montana,0.35186249999999997,0.29588826,0.41073621,0.66,2024-05-06
Nebraska CD-1,0.3565075,0.30174939999999995,0.4159562,0.66,2024-05-06
Nebraska CD-2,0.4646675,0.40598807,0.52635391,0.66,2024-05-06
Nebraska CD-3,0.1610955,0.12038083,0.21289053,0.66,2024-05-06
Nevada,0.4577665,0.39813383,0.52003819,0.66,2024-05-06
New Hampshire,0.473374,0.41342612,0.53531393,0.66,2024-05-06
New Jersey,0.524487,0.46411362,0.58578195,0.66,2024-05-06
New Mexico,0.497962,0.43775875,0.5586609,0.66,2024-05-06
New York,0.5627805,0.50229235,0.62347365,0.66,2024-05-06
North Carolina,0.436017,0.37726879,0.4967977,0.66,2024-05-06
North Dakota,0.2614285,0.21248066,0.31842192999999996,0.66,2024-05-06
Ohio,0.4016725,0.34404913,0.46373541,0.66,2024-05-06
Oklahoma,0.265615,0.2156363,0.32149319,0.66,2024-05-06
Oregon,0.522619,0.46183664,0.58292857,0.66,2024-05-06
Pennsylvania,0.446812,0.38871832,0.50995787,0.66,2024-05-06
Rhode Island,0.5470505,0.48696892,0.60689919,0.66,2024-05-06
South Carolina,0.3795985,0.32321049,0.44013116,0.66,2024-05-06
South Dakota,0.30125500000000005,0.24825958,0.35891291,0.66,2024-05-06
Tennessee,0.319375,0.26735182999999996,0.37905906,0.66,2024-05-06
Texas,0.41051,0.35204812999999996,0.47099368,0.66,2024-05-06
Utah,0.3305105,0.27577047,0.38895953,0.66,2024-05-06
Vermont,0.6221049999999999,0.56168807,0.67960941,0.66,2024-05-06
Virginia,0.4909645,0.43018703,0.55194342,0.66,2024-05-06
Washington,0.541804,0.48054226,0.6017082300000001,0.66,2024-05-06
West Virginia,0.2348425,0.18699392,0.28912175,0.66,2024-05-06
Wisconsin,0.444952,0.38723386,0.50773952,0.66,2024-05-06
Wyoming,0.20628,0.16151203,0.25873975,0.66,2024-05-06
National,0.4622695,0.40359422,0.52351749,0.66,2024-05-06
Nebraska,0.3115425,0.25621566,0.37457748,0.66,2024-05-06
Maine,0.4774815,0.41735196,0.5395368500000001,0.66,2024-05-06
Alabama,0.3087615,0.19669815000000004,0.4517510249999999,0.95,2024-05-06
Alaska,0.381239,0.254871475,0.5237809499999999,0.95,2024-05-06
Arizona,0.4412185,0.31262425,0.5835501,0.95,2024-05-06
Arkansas,0.2990085,0.18780712500000007,0.43963934999999993,0.95,2024-05-06
California,0.5980065,0.45961367500000005,0.72307435,0.95,2024-05-06
Colorado,0.5038305,0.37185895,0.6434006,0.95,2024-05-06
Connecticut,0.5393,0.4064286,0.67263755,0.95,2024-05-06
Delaware,0.5326230000000001,0.3988586000000001,0.66860625,0.95,2024-05-06
District of Columbia,0.903712,0.6813043750000001,0.97586585,0.95,2024-05-06
Florida,0.429867,0.299490075,0.5674320499999999,0.95,2024-05-06
Georgia,0.4384235,0.30953467500000004,0.5784746249999998,0.95,2024-05-06
Hawaii,0.6030065,0.4627619750000001,0.7284879,0.95,2024-05-06
Idaho,0.2758665,0.16514035000000002,0.4193014249999999,0.95,2024-05-06
Illinois,0.532961,0.396488125,0.665157725,0.95,2024-05-06
Indiana,0.356437,0.23448362500000008,0.5028359499999999,0.95,2024-05-06
Iowa,0.3982045,0.273030225,0.5389153249999998,0.95,2024-05-06
Kansas,0.35804800000000003,0.2376689,0.4998172,0.95,2024-05-06
Kentucky,0.3032125,0.1883876750000001,0.44450895,0.95,2024-05-06
Louisiana,0.34639200000000003,0.22963685000000003,0.4925743,0.95,2024-05-06
Maine CD-1,0.55476,0.41513332500000005,0.6864583249999999,0.95,2024-05-06
Maine CD-2,0.4019925,0.2744388,0.5432125,0.95,2024-05-06
Maryland,0.609123,0.472651475,0.7343741250000001,0.95,2024-05-06
Massachusetts,0.610525,0.46913425,0.734827775,0.95,2024-05-06
Michigan,0.454008,0.325201525,0.594918875,0.95,2024-05-06
Minnesota,0.4732835,0.34307995,0.6106741250000001,0.95,2024-05-06
Mississippi,0.35673699999999997,0.23749102500000008,0.50224415,0.95,2024-05-06
Missouri,0.359988,0.2380716250000001,0.503081075,0.95,2024-05-06
Montana,0.35186249999999997,0.23171507500000008,0.49419487499999987,0.95,2024-05-06
Nebraska CD-1,0.3565075,0.23684955000000005,0.5005360249999999,0.95,2024-05-06
Nebraska CD-2,0.4646675,0.33607372500000005,0.604581025,0.95,2024-05-06
Nebraska CD-3,0.1610955,0.06892735,0.3360666499999998,0.95,2024-05-06
Nevada,0.4577665,0.33158562500000005,0.5973516,0.95,2024-05-06
New Hampshire,0.473374,0.34110297500000003,0.613306325,0.95,2024-05-06
New Jersey,0.524487,0.3912951750000001,0.6584661249999998,0.95,2024-05-06
New Mexico,0.497962,0.36513227500000006,0.6366562,0.95,2024-05-06
New York,0.5627805,0.42714625000000006,0.6927056499999998,0.95,2024-05-06
North Carolina,0.436017,0.30801075,0.5746096999999999,0.95,2024-05-06
North Dakota,0.2614285,0.157152025,0.40698592499999986,0.95,2024-05-06
Ohio,0.4016725,0.2746799000000001,0.5447191999999998,0.95,2024-05-06
Oklahoma,0.265615,0.15515562500000005,0.41294395,0.95,2024-05-06
Oregon,0.522619,0.387249925,0.657524075,0.95,2024-05-06
Pennsylvania,0.446812,0.32112015000000005,0.589602925,0.95,2024-05-06
Rhode Island,0.5470505,0.413141775,0.6802527749999999,0.95,2024-05-06
South Carolina,0.3795985,0.2573655,0.5193505999999999,0.95,2024-05-06
South Dakota,0.30125500000000005,0.186488425,0.44525524999999994,0.95,2024-05-06
Tennessee,0.319375,0.20451155000000007,0.459709975,0.95,2024-05-06
Texas,0.41051,0.28403555,0.5510820999999999,0.95,2024-05-06
Utah,0.3305105,0.21279350000000005,0.472545925,0.95,2024-05-06
Vermont,0.6221049999999999,0.4796274750000001,0.748545,0.95,2024-05-06
Virginia,0.4909645,0.3617802,0.6268303499999999,0.95,2024-05-06
Washington,0.541804,0.4061519,0.6762799749999999,0.95,2024-05-06
West Virginia,0.2348425,0.13190675000000002,0.38107954999999993,0.95,2024-05-06
Wisconsin,0.444952,0.31468367500000005,0.5834205,0.95,2024-05-06
Wyoming,0.20628,0.10708205000000004,0.35539614999999997,0.95,2024-05-06
National,0.4622695,0.34302200000000005,0.5883577750000001,0.95,2024-05-06
Nebraska,0.3115425,0.197012975,0.4576719,0.95,2024-05-06
Maine,0.4774815,0.347918475,0.6070254749999998,0.95,2024-05-06
Alabama,0.3073475,0.25589258,0.3653079,0.66,2024-05-07
Alaska,0.3815115,0.32470849,0.44215773999999997,0.66,2024-05-07
Arizona,0.43954899999999997,0.38007820000000003,0.5020296399999999,0.66,2024-05-07
Arkansas,0.2980065,0.24653550000000002,0.35501091000000007,0.66,2024-05-07
California,0.596776,0.53562449,0.6547841,0.66,2024-05-07
Colorado,0.503034,0.44152732,0.5658447,0.66,2024-05-07
Connecticut,0.537697,0.47726384,0.5988358899999999,0.66,2024-05-07
Delaware,0.532912,0.47112781000000004,0.59248159,0.66,2024-05-07
District of Columbia,0.902777,0.85495928,0.93689951,0.66,2024-05-07
Florida,0.427974,0.36957132000000004,0.49014157,0.66,2024-05-07
Georgia,0.437564,0.37928141000000004,0.5004423400000001,0.66,2024-05-07
Hawaii,0.602161,0.54132183,0.6601272499999999,0.66,2024-05-07
Idaho,0.27524950000000004,0.22520280999999998,0.33153168,0.66,2024-05-07
Illinois,0.532117,0.47017796,0.59201868,0.66,2024-05-07
Indiana,0.3552575,0.30036611,0.41497438,0.66,2024-05-07
Iowa,0.39731099999999997,0.34097378,0.45760184000000004,0.66,2024-05-07
Kansas,0.3573765,0.30099367,0.4165377,0.66,2024-05-07
Kentucky,0.30272350000000003,0.25143194,0.35926025,0.66,2024-05-07
Louisiana,0.3451185,0.29062249,0.40475204,0.66,2024-05-07
Maine CD-1,0.555046,0.49381943,0.6135932500000001,0.66,2024-05-07
Maine CD-2,0.4005685,0.34409273,0.46062373000000006,0.66,2024-05-07
Maryland,0.6073305,0.5466024500000001,0.6658883400000001,0.66,2024-05-07
Massachusetts,0.609491,0.54921213,0.66729982,0.66,2024-05-07
Michigan,0.45378850000000004,0.39473263999999997,0.514012,0.66,2024-05-07
Minnesota,0.47332450000000004,0.4141413,0.53520019,0.66,2024-05-07
Mississippi,0.35553650000000003,0.29959274999999996,0.41544335000000004,0.66,2024-05-07
Missouri,0.35891150000000005,0.30272758,0.41772794999999996,0.66,2024-05-07
Montana,0.351136,0.29616106,0.41120865,0.66,2024-05-07
Nebraska CD-1,0.3558055,0.30111113,0.41527976,0.66,2024-05-07
Nebraska CD-2,0.464922,0.40504707000000006,0.52570517,0.66,2024-05-07
Nebraska CD-3,0.16105150000000001,0.120243,0.21355775999999999,0.66,2024-05-07
Nevada,0.45654,0.39666793,0.5187520099999999,0.66,2024-05-07
New Hampshire,0.47356750000000003,0.41331626,0.53436634,0.66,2024-05-07
New Jersey,0.523033,0.46228035,0.58418951,0.66,2024-05-07
New Mexico,0.49746049999999997,0.43569343000000005,0.55848417,0.66,2024-05-07
New York,0.56241,0.5006356200000001,0.622447,0.66,2024-05-07
North Carolina,0.435193,0.37594266000000004,0.49439836,0.66,2024-05-07
North Dakota,0.2616115,0.2125366,0.31708632999999997,0.66,2024-05-07
Ohio,0.401438,0.34286477000000004,0.46112104000000004,0.66,2024-05-07
Oklahoma,0.263604,0.21473432,0.32044333999999997,0.66,2024-05-07
Oregon,0.5212505000000001,0.46067994,0.58128851,0.66,2024-05-07
Pennsylvania,0.4470065,0.38733265,0.50708204,0.66,2024-05-07
Rhode Island,0.5456840000000001,0.4849473,0.60605994,0.66,2024-05-07
South Carolina,0.3777915,0.32074983,0.43802329,0.66,2024-05-07
South Dakota,0.30073150000000004,0.24915886,0.35787485,0.66,2024-05-07
Tennessee,0.31868399999999997,0.26560298000000004,0.37743988,0.66,2024-05-07
Texas,0.40911699999999995,0.35062911,0.47036551,0.66,2024-05-07
Utah,0.33005450000000003,0.27584918,0.38844991,0.66,2024-05-07
Vermont,0.621811,0.56259581,0.67880834,0.66,2024-05-07
Virginia,0.489631,0.42935388,0.55136155,0.66,2024-05-07
Washington,0.541798,0.4810323,0.60158068,0.66,2024-05-07
West Virginia,0.2342575,0.188252,0.2874981,0.66,2024-05-07
Wisconsin,0.445423,0.38589824,0.50692118,0.66,2024-05-07
Wyoming,0.2055745,0.16121607,0.25733933999999997,0.66,2024-05-07
National,0.461252,0.40121005,0.5226308,0.66,2024-05-07
Nebraska,0.3115945,0.25417079,0.37345708,0.66,2024-05-07
Maine,0.477417,0.41720545000000003,0.5382345900000001,0.66,2024-05-07
Alabama,0.3073475,0.19341525000000007,0.4516496,0.95,2024-05-07
Alaska,0.3815115,0.25755335,0.5224634,0.95,2024-05-07
Arizona,0.43954899999999997,0.30679095,0.5793811249999999,0.95,2024-05-07
Arkansas,0.2980065,0.18481870000000006,0.44266205,0.95,2024-05-07
California,0.596776,0.453553625,0.72572185,0.95,2024-05-07
Colorado,0.503034,0.3693900250000001,0.641148225,0.95,2024-05-07
Connecticut,0.537697,0.40148635,0.6717348499999999,0.95,2024-05-07
Delaware,0.532912,0.3944286500000001,0.665287025,0.95,2024-05-07
District of Columbia,0.902777,0.7004628,0.9753822,0.95,2024-05-07
Florida,0.427974,0.298403775,0.573939475,0.95,2024-05-07
Georgia,0.437564,0.30782905000000016,0.5767631249999999,0.95,2024-05-07
Hawaii,0.602161,0.460815625,0.7275927249999999,0.95,2024-05-07
Idaho,0.27524950000000004,0.1647516,0.41648507499999987,0.95,2024-05-07
Illinois,0.532117,0.39504137500000003,0.665612175,0.95,2024-05-07
Indiana,0.3552575,0.23423415000000003,0.4962985999999999,0.95,2024-05-07
Iowa,0.39731099999999997,0.27476659999999997,0.5356791249999999,0.95,2024-05-07
Kansas,0.3573765,0.231657025,0.49712214999999965,0.95,2024-05-07
Kentucky,0.30272350000000003,0.19005927500000003,0.44699574999999997,0.95,2024-05-07
Louisiana,0.3451185,0.22768950000000002,0.4889987499999999,0.95,2024-05-07
Maine CD-1,0.555046,0.41903532499999996,0.6860573499999998,0.95,2024-05-07
Maine CD-2,0.4005685,0.276429425,0.5429282999999999,0.95,2024-05-07
Maryland,0.6073305,0.464595725,0.73486665,0.95,2024-05-07
Massachusetts,0.609491,0.46858430000000006,0.73765545,0.95,2024-05-07
Michigan,0.45378850000000004,0.32495317500000004,0.5915751499999999,0.95,2024-05-07
Minnesota,0.47332450000000004,0.3410811750000002,0.6113875249999998,0.95,2024-05-07
Mississippi,0.35553650000000003,0.23596015000000023,0.49770109999999984,0.95,2024-05-07
Missouri,0.35891150000000005,0.23828720000000003,0.500294225,0.95,2024-05-07
Montana,0.351136,0.23153065000000003,0.49825732499999986,0.95,2024-05-07
Nebraska CD-1,0.3558055,0.23659092500000006,0.49604589999999993,0.95,2024-05-07
Nebraska CD-2,0.464922,0.3352475750000001,0.6008709999999999,0.95,2024-05-07
Nebraska CD-3,0.16105150000000001,0.06946404250000002,0.33859799999999984,0.95,2024-05-07
Nevada,0.45654,0.3284548,0.59398985,0.95,2024-05-07
New Hampshire,0.47356750000000003,0.34169607500000004,0.6126615999999999,0.95,2024-05-07
New Jersey,0.523033,0.38798492500000004,0.6569148499999998,0.95,2024-05-07
New Mexico,0.49746049999999997,0.3633960500000001,0.6339829,0.95,2024-05-07
New York,0.56241,0.4272238750000001,0.6920561249999999,0.95,2024-05-07
North Carolina,0.435193,0.30701595,0.572550825,0.95,2024-05-07
North Dakota,0.2616115,0.1559541,0.40641757499999986,0.95,2024-05-07
Ohio,0.401438,0.27666175000000015,0.5410777,0.95,2024-05-07
Oklahoma,0.263604,0.15489922500000003,0.41323184999999996,0.95,2024-05-07
Oregon,0.5212505000000001,0.38689955,0.6537565999999999,0.95,2024-05-07
Pennsylvania,0.4470065,0.31908655,0.5867298999999999,0.95,2024-05-07
Rhode Island,0.5456840000000001,0.40754280000000004,0.678858975,0.95,2024-05-07
South Carolina,0.3777915,0.254046475,0.51688675,0.95,2024-05-07
South Dakota,0.30073150000000004,0.18692595000000004,0.4452093,0.95,2024-05-07
Tennessee,0.31868399999999997,0.20576982500000002,0.460227025,0.95,2024-05-07
Texas,0.40911699999999995,0.2829245,0.5471425249999999,0.95,2024-05-07
Utah,0.33005450000000003,0.21460362500000005,0.4728412749999999,0.95,2024-05-07
Vermont,0.621811,0.4832368500000001,0.746108925,0.95,2024-05-07
Virginia,0.489631,0.355584675,0.6276063,0.95,2024-05-07
Washington,0.541798,0.4057169,0.676712675,0.95,2024-05-07
West Virginia,0.2342575,0.13499332500000003,0.37669814999999995,0.95,2024-05-07
Wisconsin,0.445423,0.31383065000000004,0.586216375,0.95,2024-05-07
Wyoming,0.2055745,0.105580775,0.3552396,0.95,2024-05-07
National,0.461252,0.34276092500000005,0.5857356749999999,0.95,2024-05-07
Nebraska,0.3115945,0.19604670000000002,0.45549449999999997,0.95,2024-05-07
Maine,0.477417,0.35179277500000006,0.6075667249999999,0.95,2024-05-07
